entry_id,hearing_date,decision,evidence,source_quote,traceability_ok,review_flags,candidate_statement_type,top_3_JEE_candidates,JEE_similarity_values,top_3_JEE_definitions,proposed_primary_JEE_area,proposed_secondary_JEE_area,JEE_mapping_status,JEE_primary_similarity,JEE_secondary_similarity,JEE_inclusion_rule,JEE_exclusion_rules_considered,JEE_evidence_excerpt,JEE_ambiguous,JEE_all_candidates_rejected,top_3_DQ_candidates,DQ_similarity_values,top_3_DQ_definitions,proposed_primary_DQ_element,proposed_secondary_DQ_element,DQ_mapping_status,DQ_primary_similarity,DQ_secondary_similarity,DQ_evidence_excerpt,DQ_observable_indicator,DQ_exclusion_rules_considered,DQ_ambiguity_notes,ambiguity_notes,representation,human_review_required,human_candidate_statement_type,human_JEE_decision,human_primary_JEE,human_secondary_JEE,human_JEE_evidence,human_JEE_confidence,human_JEE_rationale,human_DQ_decision,human_primary_DQ,human_secondary_DQ,human_DQ_evidence,human_DQ_confidence,human_DQ_rationale,human_policy_vs_inquiry,human_overall_rationale,reviewer_name,review_date,review_status,deferred_flag,completed_at,last_touched_at,session_id
phase1-007,2023-11-28,"Countermeasures were ordered to be imposed on 12 March, requiring those displaying symptoms of coronavirus to self-isolate for seven days.","Now of course, as it happened, you are well aware, that on 12 March the first countermeasures were ordered to be imposed.","Now of course, as it happened, you are well aware, that on 12 March the first countermeasures were ordered to be imposed.",False,[],enacted_or_authorised_decision,PoE:0.3212; D2:0.3167; P4:0.3122,0.3212; 0.3167; 0.3122,"PoE (Points of entry and border health) [0.3212]: Timely detection of and effective response to any potential hazards that occur at PoEs. || D2 (Surveillance) [0.3167]: (1) A functioning public health surveillance system capable of identifying potential events of concern for public health and health security. Enhanced national  || P4 (Antimicrobial resistance (AMR)) [0.3122]: Decisive and comprehensive action to prevent the emergence and spread of AMR, which poses a substantial and evolving threat to disease control and health securi",,,no_supported_mapping,,,,PoE:no_inclusion_cue_overlap_and_moderate_or_low_similarity; D2:no_inclusion_cue_overlap_and_moderate_or_low_similarity; P4:unlikely_area_without_textual_inclusion_support,"Countermeasures were ordered to be imposed on 12 March, requiring those displaying symptoms of coronavirus to self-isolate for seven days.",False,True,useful_information:0.2833; commitment_to_follow_through:0.2376; clear_values:0.2248,0.2833; 0.2376; 0.2248,"useful_information (Useful information) [0.2833]: Relevant facts, data, modelling, advice or uncertainty characterisation used in the passage. || commitment_to_follow_through (Commitment to follow through) [0.2376]: Evidence of intent or mechanism to implement or act on the chosen course. || clear_values (Clear values) [0.2248]: Stated preferences, priorities or trade-offs that identify what mattered in the choice.",commitment_to_follow_through,,ambiguous,0.2376,,"Countermeasures were ordered to be imposed on 12 March, requiring those displaying symptoms of coronavirus to self-isolate for seven days.",ordered,recommendation≠commitment rule applied where relevant,Weak textual gate / moderate similarity,All top-3 retrieved JEE candidates rejected by inclusion/exclusion rules.,journal_cache_decision_evidence_source_quote__framework_card_embeddings,True,enacted_or_authorised_decision,insufficient_evidence,,,,high,The source confirms that unspecified countermeasures were ordered on 12 March but does not identify the measures or the JEE capacity involved.,accept,commitment_to_follow_through,,on 12 March the first countermeasures were ordered to be imposed,high,The excerpt explicitly shows commitment to follow through because the countermeasures were authorised and tied to a specific implementation date.,policy_content,"This traceability-failed excerpt nevertheless supports that unspecified countermeasures were authorised on 12 March. It shows commitment to follow through, but the added self-isolation details are unsupported and the source is too thin for JEE mapping.",AL,2026-07-26,complete,,2026-07-26T11:21:39.348256+00:00,2026-07-26T11:21:39.348256+00:00,82a2570c7078
phase1-018,2023-11-28,The witness believes the Prime Minister made the case for his decision in public well.,I believe that he made the case for it in public well.,I believe that he made the case for it in public well.,True,[],other_candidate,P2:0.2128; P3:0.2052; R2:0.1962,0.2128; 0.2052; 0.1962,"P2 (Financing) [0.2128]: Financial resources are available in all relevant sectors and public financial management systems enable IHR implementation including core capacity development  || P3 (IHR coordination, National IHR Focal Point functions and advocacy) [0.2052]: A mechanism for multisectoral/multidisciplinary coordination, communication and partnerships to detect, assess and respond to any public health event or risk. A || R2 (Linking public health and security authorities) [0.1962]: Development and implementation of a MoU or other similar framework outlining roles, responsibilities and best practices for sharing relevant information between",,,insufficient_evidence,,,,P2:no_inclusion_cue_overlap_and_moderate_or_low_similarity; P3:no_inclusion_cue_overlap_and_moderate_or_low_similarity; R2:no_inclusion_cue_overlap_and_moderate_or_low_similarity,The witness believes the Prime Minister made the case for his decision in public well.,False,True,sound_reasoning:0.3192; commitment_to_follow_through:0.2862; useful_information:0.2703,0.3192; 0.2862; 0.2703,"sound_reasoning (Sound reasoning) [0.3192]: Linking alternatives, information and values to justify why a course was preferred. || commitment_to_follow_through (Commitment to follow through) [0.2862]: Evidence of intent or mechanism to implement or act on the chosen course. || useful_information (Useful information) [0.2703]: Relevant facts, data, modelling, advice or uncertainty characterisation used in the passage.",,,insufficient_evidence,,,,,top retrieved DQ cards lacked explicit process evidence in text,Sparse DQ is acceptable; non-observation ≠ absence.,All top-3 retrieved JEE candidates rejected by inclusion/exclusion rules.,journal_cache_decision_evidence_source_quote__framework_card_embeddings,True,retrospective_judgement,insufficient_evidence,,,,high,The excerpt is too brief and evaluative to determine whether it evidences a JEE risk-communication capacity or any other JEE technical area.,insufficient_evidence,,,,high,"The excerpt gives an opinion about communication quality but does not show observable evidence of framing, alternatives, information use, values, reasoning or implementation commitment.",policy_content,"The passage is a retrospective judgement that an unspecified case was made well in public. The actor and subject are not identified in the excerpt, so no JEE or Decision Quality mapping is supported.",AL,2026-07-26,complete,,2026-07-26T13:00:38.747565+00:00,2026-07-26T14:35:19.863209+00:00,4557843c5733
phase1-050,2023-11-30,An action plan for infection control measures was drafted by the department.,The department was drafting what became the action plan.,"Yes, the department was drafting what became the action plan.",True,[],other_candidate,P4:0.3793; R4:0.3792; D1:0.3242,0.3793; 0.3792; 0.3242,"P4 (Antimicrobial resistance (AMR)) [0.3793]: Decisive and comprehensive action to prevent the emergence and spread of AMR, which poses a substantial and evolving threat to disease control and health securi || R4 (Infection prevention and control) [0.3792]: Prevent HCAIs and emergence and spread of AMR. || D1 (National laboratory system) [0.3242]: Effective use of a nationwide laboratory system, including all relevant sectors, capable of safely and accurately detecting and characterizing pathogens causing",R4,,ambiguous_substantive,0.3792,,"inclusion cue token overlap: ['control', 'infection']",P4:unlikely_area_without_textual_inclusion_support; D1:no_inclusion_cue_overlap_and_moderate_or_low_similarity,An action plan for infection control measures was drafted by the department.,True,False,commitment_to_follow_through:0.3381; helpful_frame:0.2552; useful_information:0.2457,0.3381; 0.2552; 0.2457,"commitment_to_follow_through (Commitment to follow through) [0.3381]: Evidence of intent or mechanism to implement or act on the chosen course. || helpful_frame (Helpful frame) [0.2552]: Clarifying what is being decided and what is not, including purpose, scope and perspective (Decision Education Foundation). || useful_information (Useful information) [0.2457]: Relevant facts, data, modelling, advice or uncertainty characterisation used in the passage.",,,insufficient_evidence,,,,,top retrieved DQ cards lacked explicit process evidence in text,Sparse DQ is acceptable; non-observation ≠ absence.,Low margin / weak cue overlap,journal_cache_decision_evidence_source_quote__framework_card_embeddings,True,implementation_statement,insufficient_evidence,,,,high,The source confirms that the department was drafting an action plan but does not identify its subject or any specific JEE capacity.,replace,commitment_to_follow_through,,The department was drafting what became the action plan.,medium,"Drafting what became the action plan shows progress toward a planned course, although the source does not confirm approval or implementation.",policy_content,"This traceable passage records departmental drafting of an unspecified action plan. It is an implementation statement and provides moderate evidence of follow-through, but the added infection-control description is unsupported and no JEE mapping can be made.",AL,2026-07-26,complete,,2026-07-26T13:22:39.732981+00:00,2026-07-26T14:36:38.201262+00:00,4557843c5733
phase1-057,2023-11-30,An action plan was commissioned by the government on 10 February.,The action plan was dated 3 March. You requested in an email to Kevin Dodds that the work be commenced.,"You requested in an email to Kevin Dodds that the work be commenced. It was developed under the leadership, according to Sir Christopher Wormald, of the DHSC.",True,[],implementation_statement,P3:0.3464; P4:0.3403; R1:0.3394,0.3464; 0.3403; 0.3394,"P3 (IHR coordination, National IHR Focal Point functions and advocacy) [0.3464]: A mechanism for multisectoral/multidisciplinary coordination, communication and partnerships to detect, assess and respond to any public health event or risk. A || P4 (Antimicrobial resistance (AMR)) [0.3403]: Decisive and comprehensive action to prevent the emergence and spread of AMR, which poses a substantial and evolving threat to disease control and health securi || R1 (Health emergency management) [0.3394]: Multisectoral actors at national intermediate and primary public health response levels are well coordinated and have a common understanding of the priority ris",,,no_supported_mapping,,,,P3:no_inclusion_cue_overlap_and_moderate_or_low_similarity; P4:unlikely_area_without_textual_inclusion_support; R1:no_inclusion_cue_overlap_and_moderate_or_low_similarity,An action plan was commissioned by the government on 10 February.,False,True,commitment_to_follow_through:0.3530; useful_information:0.2188; clear_values:0.2146,0.3530; 0.2188; 0.2146,"commitment_to_follow_through (Commitment to follow through) [0.3530]: Evidence of intent or mechanism to implement or act on the chosen course. || useful_information (Useful information) [0.2188]: Relevant facts, data, modelling, advice or uncertainty characterisation used in the passage. || clear_values (Clear values) [0.2146]: Stated preferences, priorities or trade-offs that identify what mattered in the choice.",,,insufficient_evidence,,,,,top retrieved DQ cards lacked explicit process evidence in text,Sparse DQ is acceptable; non-observation ≠ absence.,All top-3 retrieved JEE candidates rejected by inclusion/exclusion rules.,journal_cache_decision_evidence_source_quote__framework_card_embeddings,True,enacted_or_authorised_decision,insufficient_evidence,,,,medium,"The excerpt confirms that an action plan was commissioned, but it does not identify the plan's subject clearly enough to assign a specific JEE technical area.",replace,commitment_to_follow_through,,You requested in an email to Kevin Dodds that the work be commenced.,high,The request to commence work is explicit evidence of authorising action and commitment to implement the action plan.,policy_content,"This entry records an authorised decision to commission an action plan and begin work. The commissioning decision is clear, although the visible evidence does not identify the plan's subject sufficiently for JEE mapping and does not substantiate the extracted date of 10 February",AL,2026-07-26,complete,,2026-07-26T13:30:22.322006+00:00,2026-07-26T13:30:22.322006+00:00,70f38e4f78b9
phase1-124,2023-12-07,To continue to tighten the national measures and implement a tiered system on October 14th.,"We decided to do was to continue to tighten the measures that we -- the national measures that we had, but also on October 14th to go for the tiered system.","With respect, what we decided to do was to continue to tighten the measures that we -- the national measures that we had, but also on October 14th to go for the tiered system.",True,"[""possible_duplicate""]",enacted_or_authorised_decision,D2:0.3018; D1:0.3001; P4:0.2997,0.3018; 0.3001; 0.2997,"D2 (Surveillance) [0.3018]: (1) A functioning public health surveillance system capable of identifying potential events of concern for public health and health security. Enhanced national  || D1 (National laboratory system) [0.3001]: Effective use of a nationwide laboratory system, including all relevant sectors, capable of safely and accurately detecting and characterizing pathogens causing || P4 (Antimicrobial resistance (AMR)) [0.2997]: Decisive and comprehensive action to prevent the emergence and spread of AMR, which poses a substantial and evolving threat to disease control and health securi",,,no_supported_mapping,,,,D2:no_inclusion_cue_overlap_and_moderate_or_low_similarity; D1:no_inclusion_cue_overlap_and_moderate_or_low_similarity; P4:unlikely_area_without_textual_inclusion_support,To continue to tighten the national measures and implement a tiered system on October 14th.,False,True,commitment_to_follow_through:0.2158; useful_information:0.1866; clear_values:0.1850,0.2158; 0.1866; 0.1850,"commitment_to_follow_through (Commitment to follow through) [0.2158]: Evidence of intent or mechanism to implement or act on the chosen course. || useful_information (Useful information) [0.1866]: Relevant facts, data, modelling, advice or uncertainty characterisation used in the passage. || clear_values (Clear values) [0.1850]: Stated preferences, priorities or trade-offs that identify what mattered in the choice.",commitment_to_follow_through,,ambiguous,0.2158,,To continue to tighten the national measures and implement a tiered system on October 14th.,decided,recommendation≠commitment rule applied where relevant,Weak textual gate / moderate similarity,All top-3 retrieved JEE candidates rejected by inclusion/exclusion rules.,journal_cache_decision_evidence_source_quote__framework_card_embeddings,True,enacted_or_authorised_decision,no_mapping,,,,high,"The entry describes tightening national restrictions and introducing a tiered system, but it does not evidence a specific JEE preparedness or response-system capacity.",accept,commitment_to_follow_through,,"With respect, what we decided to do was to continue to tighten the measures that we -- the national measures that we had, but also on October 14th to go for the tiered system.",high,The excerpt records an authorised course of action and specifies the date for implementing the tiered system.,policy_content,"This entry records an enacted decision to tighten national measures and introduce a tiered system on a specified date. It does not demonstrate a particular JEE system capacity, but it clearly shows commitment to follow through.",AL,2026-07-26,complete,,2026-07-26T13:37:07.946737+00:00,2026-07-26T14:55:35.244192+00:00,ebae2a587e34
phase1-161,2023-12-11,Close schools in London and nationally.,"The priority intervention that had been recommended, suggested by SAGE, was to close schools. And we did that. The Prime Minister announced that I think on the same day as the meeting, on the 18th, not just in London but nationally.","The priority intervention that had been recommended, suggested by SAGE, was to close schools. And we did that. The Prime Minister announced that I think on the same day as the meeting, on the 18th, not just in London but nationally.",False,[],other_candidate,R1:0.3091; P4:0.2951; PoE:0.2942,0.3091; 0.2951; 0.2942,"R1 (Health emergency management) [0.3091]: Multisectoral actors at national intermediate and primary public health response levels are well coordinated and have a common understanding of the priority ris || P4 (Antimicrobial resistance (AMR)) [0.2951]: Decisive and comprehensive action to prevent the emergence and spread of AMR, which poses a substantial and evolving threat to disease control and health securi || PoE (Points of entry and border health) [0.2942]: Timely detection of and effective response to any potential hazards that occur at PoEs.",,,no_supported_mapping,,,,R1:no_inclusion_cue_overlap_and_moderate_or_low_similarity; P4:unlikely_area_without_textual_inclusion_support; PoE:no_inclusion_cue_overlap_and_moderate_or_low_similarity,Close schools in London and nationally.,False,True,useful_information:0.2516; commitment_to_follow_through:0.2355; clear_values:0.2167,0.2516; 0.2355; 0.2167,"useful_information (Useful information) [0.2516]: Relevant facts, data, modelling, advice or uncertainty characterisation used in the passage. || commitment_to_follow_through (Commitment to follow through) [0.2355]: Evidence of intent or mechanism to implement or act on the chosen course. || clear_values (Clear values) [0.2167]: Stated preferences, priorities or trade-offs that identify what mattered in the choice.",clear_values,,ambiguous,0.2167,,Close schools in London and nationally.,priority,recommendation≠commitment rule applied where relevant,Weak textual gate / moderate similarity,All top-3 retrieved JEE candidates rejected by inclusion/exclusion rules.,journal_cache_decision_evidence_source_quote__framework_card_embeddings,True,implementation_statement,no_mapping,,,,high,The entry records a national school-closure measure but does not provide evidence of a specific JEE preparedness or response-system capacity.,replace,commitment_to_follow_through,useful_information,"The priority intervention that had been recommended, suggested by SAGE, was to close schools. And we did that.",high,"The passage presents the content of SAGE's recommendation—to close schools—and confirms that the measure was implemented and announced nationally. Implementation is the strongest observable element, with the specific advice as secondary useful information.",policy_content,"This passage records implementation and national announcement of a school-closure measure following a specific SAGE recommendation. It shows commitment to follow through and observable use of advice, but it does not evidence a specific JEE capacity.",AL,2026-07-26,complete,,2026-07-26T13:41:28.690631+00:00,2026-07-26T13:41:28.690631+00:00,70f38e4f78b9
phase1-314,2023-12-14,The inquiry acknowledges that pandemic pre-planning was catastrophically inadequate.,"Pandemic pre-planning was catastrophically inadequate, and was characterised by... successive governments' lack of engagement.","Pandemic pre-planning was catastrophically inadequate, and was characterised by... successive governments' lack of engagement.",False,[],other_candidate,R1:0.3818; P2:0.3644; P3:0.3579,0.3818; 0.3644; 0.3579,"R1 (Health emergency management) [0.3818]: Multisectoral actors at national intermediate and primary public health response levels are well coordinated and have a common understanding of the priority ris || P2 (Financing) [0.3644]: Financial resources are available in all relevant sectors and public financial management systems enable IHR implementation including core capacity development  || P3 (IHR coordination, National IHR Focal Point functions and advocacy) [0.3579]: A mechanism for multisectoral/multidisciplinary coordination, communication and partnerships to detect, assess and respond to any public health event or risk. A",P3,,ambiguous_substantive,0.3579,,inclusion cue token overlap: ['planning'],R1:retrieval_neighbour_without_inclusion_support; P2:retrieval_neighbour_without_inclusion_support,The inquiry acknowledges that pandemic pre-planning was catastrophically inadequate.,True,False,useful_information:0.3578; commitment_to_follow_through:0.3249; creative_alternatives:0.2966,0.3578; 0.3249; 0.2966,"useful_information (Useful information) [0.3578]: Relevant facts, data, modelling, advice or uncertainty characterisation used in the passage. || commitment_to_follow_through (Commitment to follow through) [0.3249]: Evidence of intent or mechanism to implement or act on the chosen course. || creative_alternatives (Creative alternatives) [0.2966]: Evidence that more than one actionable option or course of action was generated or compared.",,,insufficient_evidence,,,,,top retrieved DQ cards lacked explicit process evidence in text,Sparse DQ is acceptable; non-observation ≠ absence.,Low margin / weak cue overlap,journal_cache_decision_evidence_source_quote__framework_card_embeddings,True,retrospective_judgement,insufficient_evidence,,,,high,"The passage judges pandemic pre-planning and government engagement to have been inadequate, but it does not identify a particular coordination mechanism, IHR function or other specific JEE capacity.",insufficient_evidence,,,,high,"The passage judges preparedness as inadequate but does not show observable evidence of framing, alternatives, information use, values, reasoning or implementation commitment.",policy_content,This traceability-failed passage is a substantive retrospective judgement that pandemic pre-planning was catastrophically inadequate and marked by poor government engagement. It is too general for a specific JEE mapping and does not show an observable Decision Quality element.,AL,2026-07-26,complete,,2026-07-26T13:47:27.525786+00:00,2026-07-26T13:47:27.525786+00:00,70f38e4f78b9
phase1-321,2023-12-14,"The ultimate lesson from the timing of the first lockdown is to act earlier, harder, and more broadly with necessary interventions.","The ultimate lesson from the timing of the first lockdown is simply that, as Sir Patrick has put it to you, you have to go earlier than you would like, harder than you would like, and more geographically broad than you would like, with the necessary interventions.","The ultimate lesson from the timing of the first lockdown is simply that, as Sir Patrick has put it to you, you have to go earlier than you would like, harder than you would like, and more geographically broad than you would like, with the necessary interventions.",True,[],other_candidate,P4:0.3330; R1:0.3298; PoE:0.3117,0.3330; 0.3298; 0.3117,"P4 (Antimicrobial resistance (AMR)) [0.3330]: Decisive and comprehensive action to prevent the emergence and spread of AMR, which poses a substantial and evolving threat to disease control and health securi || R1 (Health emergency management) [0.3298]: Multisectoral actors at national intermediate and primary public health response levels are well coordinated and have a common understanding of the priority ris || PoE (Points of entry and border health) [0.3117]: Timely detection of and effective response to any potential hazards that occur at PoEs.",,,no_supported_mapping,,,,P4:unlikely_area_without_textual_inclusion_support; R1:no_inclusion_cue_overlap_and_moderate_or_low_similarity; PoE:no_inclusion_cue_overlap_and_moderate_or_low_similarity,"The ultimate lesson from the timing of the first lockdown is to act earlier, harder, and more broadly with necessary interventions.",False,True,commitment_to_follow_through:0.2703; clear_values:0.2599; useful_information:0.2509,0.2703; 0.2599; 0.2509,"commitment_to_follow_through (Commitment to follow through) [0.2703]: Evidence of intent or mechanism to implement or act on the chosen course. || clear_values (Clear values) [0.2599]: Stated preferences, priorities or trade-offs that identify what mattered in the choice. || useful_information (Useful information) [0.2509]: Relevant facts, data, modelling, advice or uncertainty characterisation used in the passage.",,,insufficient_evidence,,,,,top retrieved DQ cards lacked explicit process evidence in text,Sparse DQ is acceptable; non-observation ≠ absence.,All top-3 retrieved JEE candidates rejected by inclusion/exclusion rules.,journal_cache_decision_evidence_source_quote__framework_card_embeddings,True,retrospective_judgement,no_mapping,,,,high,"The passage gives a general retrospective lesson about the timing, intensity and geographic scope of interventions but does not evidence a specific JEE system capacity.",replace,helpful_frame,,"you have to go earlier than you would like, harder than you would like, and more geographically broad than you would like, with the necessary interventions.",medium,"The passage defines three decision dimensions for future intervention—timing, intensity and geographic scope—providing observable evidence of a helpful frame, although it does not show the full analysis behind a particular decision.",policy_content,"This traceable passage is a retrospective policy judgement that necessary interventions should be introduced earlier, more intensively and across a broader geographic area. It does not support a specific JEE capacity, but it provides a helpful frame for future intervention decisions. It is substantive policy content rather than mixed merely because it was expressed during the Inquiry.",AL,2026-07-26,complete,,2026-07-26T13:52:19.711646+00:00,2026-07-26T13:52:19.711646+00:00,3cf4e4477eec
phase1-396,2024-05-23,The government failed to demonstrate publicly that it was considering any possible alternative to a lockdown.,The government has been very severely criticised for at least appearing not to have considered anything but a public health driven lockdown.,the government has been very severely criticised for at least appearing not to have considered anything but -- a public health driven lockdown?,False,[],retrospective_judgement,R1:0.2946; R2:0.2892; P2:0.2866,0.2946; 0.2892; 0.2866,"R1 (Health emergency management) [0.2946]: Multisectoral actors at national intermediate and primary public health response levels are well coordinated and have a common understanding of the priority ris || R2 (Linking public health and security authorities) [0.2892]: Development and implementation of a MoU or other similar framework outlining roles, responsibilities and best practices for sharing relevant information between || P2 (Financing) [0.2866]: Financial resources are available in all relevant sectors and public financial management systems enable IHR implementation including core capacity development ",,,no_supported_mapping,,,,R1:no_inclusion_cue_overlap_and_moderate_or_low_similarity; R2:no_inclusion_cue_overlap_and_moderate_or_low_similarity; P2:no_inclusion_cue_overlap_and_moderate_or_low_similarity,The government failed to demonstrate publicly that it was considering any possible alternative to a lockdown.,False,True,creative_alternatives:0.3777; useful_information:0.3442; clear_values:0.3356,0.3777; 0.3442; 0.3356,"creative_alternatives (Creative alternatives) [0.3777]: Evidence that more than one actionable option or course of action was generated or compared. || useful_information (Useful information) [0.3442]: Relevant facts, data, modelling, advice or uncertainty characterisation used in the passage. || clear_values (Clear values) [0.3356]: Stated preferences, priorities or trade-offs that identify what mattered in the choice.",creative_alternatives,,observable,0.3777,,The government failed to demonstrate publicly that it was considering any possible alternative to a lockdown.,alternative,recommendation≠commitment rule applied where relevant,,All top-3 retrieved JEE candidates rejected by inclusion/exclusion rules.,journal_cache_decision_evidence_source_quote__framework_card_embeddings,True,insufficient_evidence,insufficient_evidence,,,,high,The Source Quote is an Inquiry question about criticism of the government's apparent consideration of alternatives and contains no answer or evidence of a JEE capacity.,insufficient_evidence,,,,high,"A question alleging that alternatives may not have been considered does not show whether alternatives were generated, compared or publicly demonstrated.",policy_content,"This traceability-failed excerpt is an Inquiry question concerning criticism that the government appeared not to consider alternatives to lockdown. Because no answer is present, it does not establish the generated assertion, a JEE mapping or an observable Decision Quality element.",AL,2026-07-26,complete,,2026-07-26T13:56:17.126181+00:00,2026-07-26T13:56:17.126181+00:00,4b14f543180c
phase1-111,2023-12-01,Long Covid clinics were opened.,"The decision to open Long Covid clinics was made, and many of them are still open today.","We did open Long Covid clinics, many of them are still open today.",True,[],other_candidate,R3:0.2364; D1:0.2282; R4:0.2280,0.2364; 0.2282; 0.2280,"R3 (Health services provision) [0.2364]: Resilient health systems that are capable of delivering emergency related clinical care, and optimal utilization of health services while ensuring continuity of || D1 (National laboratory system) [0.2282]: Effective use of a nationwide laboratory system, including all relevant sectors, capable of safely and accurately detecting and characterizing pathogens causing || R4 (Infection prevention and control) [0.2280]: Prevent HCAIs and emergence and spread of AMR.",,,no_supported_mapping,,,,R3:no_inclusion_cue_overlap_and_moderate_or_low_similarity; D1:no_inclusion_cue_overlap_and_moderate_or_low_similarity; R4:no_inclusion_cue_overlap_and_moderate_or_low_similarity,Long Covid clinics were opened.,False,True,useful_information:0.2367; clear_values:0.1871; helpful_frame:0.1845,0.2367; 0.1871; 0.1845,"useful_information (Useful information) [0.2367]: Relevant facts, data, modelling, advice or uncertainty characterisation used in the passage. || clear_values (Clear values) [0.1871]: Stated preferences, priorities or trade-offs that identify what mattered in the choice. || helpful_frame (Helpful frame) [0.1845]: Clarifying what is being decided and what is not, including purpose, scope and perspective (Decision Education Foundation).",,,insufficient_evidence,,,,,top retrieved DQ cards lacked explicit process evidence in text,Sparse DQ is acceptable; non-observation ≠ absence.,All top-3 retrieved JEE candidates rejected by inclusion/exclusion rules.,journal_cache_decision_evidence_source_quote__framework_card_embeddings,True,implementation_statement,replace,R3,,"We did open Long Covid clinics, many of them are still open today.",high,Opening Long Covid clinics is direct evidence of health-service provision for people requiring post-COVID clinical care,replace,commitment_to_follow_through,,"We did open Long Covid clinics, many of them are still open today.",high,"The passage confirms that Long Covid clinics were opened and continued operating, providing direct evidence that the service action was implemented.",policy_content,"This traceable passage records implementation and continued operation of Long Covid clinics. It maps directly to R3 Health services provision and demonstrates commitment to follow through, but it records implementation rather than the separate authorisation decision.",AL,2026-07-26,complete,,2026-07-26T13:58:51.914412+00:00,2026-07-26T13:58:51.914412+00:00,4b14f543180c
phase1-217,2023-12-13,The UK should have a standing scientific committee on pandemics.,This recommendation is made in the context of the failures observed during the pandemic response.,In Module 1 we've asked to you conclude and recommend that the UK should have a standing scientific committee on pandemics; not an original idea as the Scottish Government already has one set up.,True,"[""possible_duplicate""]",procedural_or_inquiry,P7:0.3988; P3:0.3964; P4:0.3954,0.3988; 0.3964; 0.3954,"P7 (Biosafety and biosecurity) [0.3988]: Implementation of a comprehensive, sustainable and legally embedded national oversight programme for biosafety and biosecurity, including the safe and secure us || P3 (IHR coordination, National IHR Focal Point functions and advocacy) [0.3964]: A mechanism for multisectoral/multidisciplinary coordination, communication and partnerships to detect, assess and respond to any public health event or risk. A || P4 (Antimicrobial resistance (AMR)) [0.3954]: Decisive and comprehensive action to prevent the emergence and spread of AMR, which poses a substantial and evolving threat to disease control and health securi",,,procedural_or_inquiry,,,,procedural/inquiry pathway; substantive mapping withheld,The UK should have a standing scientific committee on pandemics.,False,True,useful_information:0.3321; commitment_to_follow_through:0.3107; creative_alternatives:0.2290,0.3321; 0.3107; 0.2290,"useful_information (Useful information) [0.3321]: Relevant facts, data, modelling, advice or uncertainty characterisation used in the passage. || commitment_to_follow_through (Commitment to follow through) [0.3107]: Evidence of intent or mechanism to implement or act on the chosen course. || creative_alternatives (Creative alternatives) [0.2290]: Evidence that more than one actionable option or course of action was generated or compared.",,,procedural_or_inquiry,,,The UK should have a standing scientific committee on pandemics.,,procedural/inquiry pathway,,Procedural/inquiry entry; cosine suggestions retained for audit only.,journal_cache_decision_evidence_source_quote__framework_card_embeddings,True,recommendation,replace,P3,,the UK should have a standing scientific committee on pandemics,medium,"The recommendation proposes an enduring national scientific-coordination mechanism for pandemic preparedness, which aligns with P3. Confidence is medium because the excerpt does not describe its formal IHR coordination functions.",replace,useful_information,,not an original idea as the Scottish Government already has one set up.,medium,"The recommendation refers to an existing Scottish committee as a comparative example, providing limited observable use of relevant information.",policy_content,"This traceable passage asks the Inquiry to recommend a standing scientific committee on pandemics. It is substantive preparedness-policy content, aligns with P3 at medium confidence and draws limited support from an existing Scottish example.",AL,2026-07-26,complete,,2026-07-26T14:01:32.654509+00:00,2026-07-26T14:55:35.254771+00:00,ebae2a587e34
phase1-246,2023-12-13,"There was agreement between the DHSC, the PHE, NHS and the DfE that messaging in schools should signpost for any child experiencing long-term symptoms following a Covid-19 infection.",Agreement on messaging in schools regarding long-term symptoms of Covid-19.,"In May 2021 there was agreement between the DHSC, the PHE, NHS and the DfE that messaging in schools should signpost for any child experiencing long-term symptoms following a Covid-19 infection.",True,[],recommendation,P8:0.3587; P5:0.3455; R2:0.3400,0.3587; 0.3455; 0.3400,"P8 (Immunization) [0.3587]: Effective protection through achievement and maintenance of immunization against measles and other epidemic prone vaccine-preventable diseases (VPDs). Measles i || P5 (Zoonotic disease) [0.3455]: Functional animal health, public health systems and environmental health work individually and collaboratively together through documented mechanisms of coordin || R2 (Linking public health and security authorities) [0.3400]: Development and implementation of a MoU or other similar framework outlining roles, responsibilities and best practices for sharing relevant information between",,,no_supported_mapping,,,,P8:retrieval_neighbour_without_inclusion_support; P5:unlikely_area_without_textual_inclusion_support; R2:no_inclusion_cue_overlap_and_moderate_or_low_similarity,"There was agreement between the DHSC, the PHE, NHS and the DfE that messaging in schools should signpost for any child experiencing long-term symptoms following a Covid-19 infection.",False,True,useful_information:0.2886; clear_values:0.2440; helpful_frame:0.2267,0.2886; 0.2440; 0.2267,"useful_information (Useful information) [0.2886]: Relevant facts, data, modelling, advice or uncertainty characterisation used in the passage. || clear_values (Clear values) [0.2440]: Stated preferences, priorities or trade-offs that identify what mattered in the choice. || helpful_frame (Helpful frame) [0.2267]: Clarifying what is being decided and what is not, including purpose, scope and perspective (Decision Education Foundation).",,,insufficient_evidence,,,,,top retrieved DQ cards lacked explicit process evidence in text,Sparse DQ is acceptable; non-observation ≠ absence.,All top-3 retrieved JEE candidates rejected by inclusion/exclusion rules.,journal_cache_decision_evidence_source_quote__framework_card_embeddings,True,enacted_or_authorised_decision,replace,P3,,"there was agreement between the DHSC, the PHE, NHS and the DfE that messaging in schools should signpost for any child experiencing long-term symptoms",medium,"The passage directly evidences multisectoral coordination between health and education bodies on a public-health communication action, supporting P3. The single agreed messaging action does not independently establish a broader R5 risk-communication or community-engagement capacity.",replace,commitment_to_follow_through,,"In May 2021 there was agreement between the DHSC, the PHE, NHS and the DfE that messaging in schools should signpost for any child experiencing long-term symptoms following a Covid-19 infection.",medium,"The cross-agency agreement specifies a concrete communication action, showing commitment to implement the agreed approach, although the excerpt does not confirm that it was subsequently delivered.",policy_content,"This entry records an authorised cross-agency decision on school messaging about long-term Covid-19 symptoms. It supports P3 coordination and shows commitment to follow through through the agreed signposting action, although the excerpt does not confirm delivery.",AL,2026-07-26,complete,,2026-07-26T16:51:37.184156+00:00,2026-07-26T16:51:37.184156+00:00,b159d3b2626b
phase1-252,2023-12-13,"Recommend that the long-term health consequences of a novel virus are planned for, identified, monitored, measured and factored into any response to a pandemic.","The long-term health consequences of a novel virus are planned for, identified, monitored, measured and factored into any response to a pandemic.","My Lady, we invite you to recommend that the long-term health consequences of a novel virus are planned for, identified, monitored, measured and factored into any response to a pandemic.",True,"[""possible_duplicate""]",recommendation,P4:0.4299; P5:0.4171; R1:0.3998,0.4299; 0.4171; 0.3998,"P4 (Antimicrobial resistance (AMR)) [0.4299]: Decisive and comprehensive action to prevent the emergence and spread of AMR, which poses a substantial and evolving threat to disease control and health securi || P5 (Zoonotic disease) [0.4171]: Functional animal health, public health systems and environmental health work individually and collaboratively together through documented mechanisms of coordin || R1 (Health emergency management) [0.3998]: Multisectoral actors at national intermediate and primary public health response levels are well coordinated and have a common understanding of the priority ris",,,no_supported_mapping,,,,P4:unlikely_area_without_textual_inclusion_support; P5:unlikely_area_without_textual_inclusion_support; R1:retrieval_neighbour_without_inclusion_support,"Recommend that the long-term health consequences of a novel virus are planned for, identified, monitored, measured and factored into any response to a pandemic.",False,True,useful_information:0.3239; commitment_to_follow_through:0.2770; clear_values:0.2744,0.3239; 0.2770; 0.2744,"useful_information (Useful information) [0.3239]: Relevant facts, data, modelling, advice or uncertainty characterisation used in the passage. || commitment_to_follow_through (Commitment to follow through) [0.2770]: Evidence of intent or mechanism to implement or act on the chosen course. || clear_values (Clear values) [0.2744]: Stated preferences, priorities or trade-offs that identify what mattered in the choice.",,,insufficient_evidence,,,,,top retrieved DQ cards lacked explicit process evidence in text,Sparse DQ is acceptable; non-observation ≠ absence.,All top-3 retrieved JEE candidates rejected by inclusion/exclusion rules.,journal_cache_decision_evidence_source_quote__framework_card_embeddings,True,recommendation,replace,D2,,"The long-term health consequences of a novel virus are planned for, identified, monitored, measured and factored into any response to a pandemic.",high,"The recommendation explicitly calls for long-term health consequences to be identified, monitored and measured, which directly supports surveillance capacity.",replace,helpful_frame,,"The long-term health consequences of a novel virus are planned for, identified, monitored, measured and factored into any response to a pandemic.",medium,The recommendation clarifies the scope of future pandemic planning by explicitly requiring long-term health consequences to be included in the response.,policy_content,"This is a clear and traceable inquiry recommendation that future pandemic responses should include the identification, monitoring and measurement of long-term health consequences. It maps to D2 Surveillance and provides observable evidence of a helpful frame by defining an important part of the scope of future pandemic planning.",AL,2026-07-26,complete,,2026-07-26T17:52:43.750479+00:00,2026-07-26T17:52:43.750479+00:00,270579610487
phase1-276,2023-12-13,The impact on children will be fully investigated in the Inquiry.,I very much intend to ensure that the impact on children is fully investigated.,I very much intend to ensure that the impact on children is fully investigated.,True,"[""possible_duplicate""]",other_candidate,P1:0.2942; P2:0.2727; R3:0.2536,0.2942; 0.2727; 0.2536,"P1 (Legal instruments) [0.2942]: Legal instruments are in place in all relevant sectors to support IHR implementation including core capacity development and maintenance. || P2 (Financing) [0.2727]: Financial resources are available in all relevant sectors and public financial management systems enable IHR implementation including core capacity development  || R3 (Health services provision) [0.2536]: Resilient health systems that are capable of delivering emergency related clinical care, and optimal utilization of health services while ensuring continuity of",,,insufficient_evidence,,,,P1:no_inclusion_cue_overlap_and_moderate_or_low_similarity; P2:no_inclusion_cue_overlap_and_moderate_or_low_similarity; R3:no_inclusion_cue_overlap_and_moderate_or_low_similarity,The impact on children will be fully investigated in the Inquiry.,False,True,commitment_to_follow_through:0.2884; helpful_frame:0.2192; clear_values:0.2141,0.2884; 0.2192; 0.2141,"commitment_to_follow_through (Commitment to follow through) [0.2884]: Evidence of intent or mechanism to implement or act on the chosen course. || helpful_frame (Helpful frame) [0.2192]: Clarifying what is being decided and what is not, including purpose, scope and perspective (Decision Education Foundation). || clear_values (Clear values) [0.2141]: Stated preferences, priorities or trade-offs that identify what mattered in the choice.",,,insufficient_evidence,,,,,top retrieved DQ cards lacked explicit process evidence in text,Sparse DQ is acceptable; non-observation ≠ absence.,All top-3 retrieved JEE candidates rejected by inclusion/exclusion rules.,journal_cache_decision_evidence_source_quote__framework_card_embeddings,True,procedural_or_inquiry,procedural_or_inquiry,,,,high,The passage concerns the scope and conduct of the Inquiry rather than a public-health preparedness or response capacity.,procedural_or_inquiry,,,,high,"Although the passage expresses an intention to investigate, it concerns inquiry procedure rather than an observable element of a substantive policy decision process.",inquiry_procedure,"This traceable passage records an intention about the scope of the Inquiry, specifically to investigate the impact on children. It is inquiry procedure rather than substantive policy content, so no JEE or Decision Quality mapping is applied.",AL,2026-07-26,complete,,2026-07-26T17:55:48.644683+00:00,2026-07-26T17:55:48.644683+00:00,270579610487
phase1-003,2023-11-28,The Cabinet Office should assume a broader coordinating role in crisis response.,"The sense that I had was that the Civil Contingencies Secretariat was dealing with those issues that other government departments felt they did not want to or should not be leading on, so it was dealing with, as it were, not the whole sweep of questions that it should be dealing with.","The sense that I had was that the Civil Contingencies Secretariat was dealing with those issues that other government departments felt they did not want to or should not be leading on, so it was dealing with, as it were, not the whole sweep of questions that it should be dealing with.",True,[],recommendation,P3:0.4116; R1:0.3911; R2:0.3647,0.4116; 0.3911; 0.3647,"P3 (IHR coordination, National IHR Focal Point functions and advocacy) [0.4116]: A mechanism for multisectoral/multidisciplinary coordination, communication and partnerships to detect, assess and respond to any public health event or risk. A || R1 (Health emergency management) [0.3911]: Multisectoral actors at national intermediate and primary public health response levels are well coordinated and have a common understanding of the priority ris || R2 (Linking public health and security authorities) [0.3647]: Development and implementation of a MoU or other similar framework outlining roles, responsibilities and best practices for sharing relevant information between",,,no_supported_mapping,,,,P3:retrieval_neighbour_without_inclusion_support; R1:retrieval_neighbour_without_inclusion_support; R2:retrieval_neighbour_without_inclusion_support,The Cabinet Office should assume a broader coordinating role in crisis response.,False,True,useful_information:0.3105; helpful_frame:0.3017; commitment_to_follow_through:0.2988,0.3105; 0.3017; 0.2988,"useful_information (Useful information) [0.3105]: Relevant facts, data, modelling, advice or uncertainty characterisation used in the passage. || helpful_frame (Helpful frame) [0.3017]: Clarifying what is being decided and what is not, including purpose, scope and perspective (Decision Education Foundation). || commitment_to_follow_through (Commitment to follow through) [0.2988]: Evidence of intent or mechanism to implement or act on the chosen course.",,,insufficient_evidence,,,,,top retrieved DQ cards lacked explicit process evidence in text,Sparse DQ is acceptable; non-observation ≠ absence.,All top-3 retrieved JEE candidates rejected by inclusion/exclusion rules.,journal_cache_decision_evidence_source_quote__framework_card_embeddings,True,retrospective_judgement,no_mapping,,,,high,"The passage clearly criticises the Civil Contingencies Secretariat's remit as too narrow, but it neither makes an explicit Cabinet Office recommendation nor evidences a specific JEE public-health or IHR capacity.",replace,helpful_frame,,not the whole sweep of questions that it should be dealing with.,medium,"The passage identifies the Civil Contingencies Secretariat's remit as too narrow and indicates that it should cover a broader sweep of issues, providing limited evidence of framing around organisational scope.",policy_content,"This traceable passage retrospectively judges that the Civil Contingencies Secretariat was handling too narrow a range of issues. It is substantive governance content and provides limited evidence of a helpful frame, but it neither explicitly assigns the Cabinet Office a broader role nor supports a specific JEE capacity.",AL,2026-07-26,complete,,2026-07-26T18:20:40.310052+00:00,2026-07-26T18:20:40.310052+00:00,270579610487
phase1-020,2023-11-28,Measures were proposed to apply to the whole United Kingdom to achieve a 75 percent reduction in non-essential social mixing.,The mixed picture means that there is merit in considering further measures to increase compliance.,"As such, it is proposed that measures apply to the whole [United Kingdom].",True,[],proposed_decision,P7:0.3203; P8:0.3114; PoE:0.3114,0.3203; 0.3114; 0.3114,"P7 (Biosafety and biosecurity) [0.3203]: Implementation of a comprehensive, sustainable and legally embedded national oversight programme for biosafety and biosecurity, including the safe and secure us || P8 (Immunization) [0.3114]: Effective protection through achievement and maintenance of immunization against measles and other epidemic prone vaccine-preventable diseases (VPDs). Measles i || PoE (Points of entry and border health) [0.3114]: Timely detection of and effective response to any potential hazards that occur at PoEs.",PoE,,ambiguous_substantive,0.3114,,inclusion cue token overlap: ['measures'],P7:unlikely_area_without_textual_inclusion_support; P8:no_inclusion_cue_overlap_and_moderate_or_low_similarity,Measures were proposed to apply to the whole United Kingdom to achieve a 75 percent reduction in non-essential social mixing.,True,False,useful_information:0.2897; creative_alternatives:0.2823; clear_values:0.2738,0.2897; 0.2823; 0.2738,"useful_information (Useful information) [0.2897]: Relevant facts, data, modelling, advice or uncertainty characterisation used in the passage. || creative_alternatives (Creative alternatives) [0.2823]: Evidence that more than one actionable option or course of action was generated or compared. || clear_values (Clear values) [0.2738]: Stated preferences, priorities or trade-offs that identify what mattered in the choice.",,,insufficient_evidence,,,,,top retrieved DQ cards lacked explicit process evidence in text,Sparse DQ is acceptable; non-observation ≠ absence.,Low margin / weak cue overlap,journal_cache_decision_evidence_source_quote__framework_card_embeddings,True,proposed_decision,insufficient_evidence,,,,high,"The source proposes that unspecified measures apply across the whole United Kingdom, but it does not describe the measures sufficiently to determine a JEE capacity.",replace,helpful_frame,,"As such, it is proposed that measures apply to the whole [United Kingdom].",medium,"The proposal defines the geographic scope of the measures as the whole United Kingdom, providing limited evidence of a helpful frame; the 75 percent social-mixing objective is not supported by the displayed source.",policy_content,"This traceable passage records a proposal for unspecified measures to apply across the whole United Kingdom. It supports a proposed decision and limited framing of geographic scope, but not the generated 75 percent social-mixing objective or a specific JEE capacity.",AL,2026-07-26,complete,,2026-07-26T18:24:14.784883+00:00,2026-07-26T18:24:14.784883+00:00,270579610487
phase1-053,2023-11-30,A COBR meeting was held on 2 March.,The witness confirmed that the COBR meeting took place on the specified date.,"In the end, we had the COBR on the Monday, which I think was 2 March.",True,[],other_candidate,P3:0.2272; R2:0.2229; CE:0.2107,0.2272; 0.2229; 0.2107,"P3 (IHR coordination, National IHR Focal Point functions and advocacy) [0.2272]: A mechanism for multisectoral/multidisciplinary coordination, communication and partnerships to detect, assess and respond to any public health event or risk. A || R2 (Linking public health and security authorities) [0.2229]: Development and implementation of a MoU or other similar framework outlining roles, responsibilities and best practices for sharing relevant information between || CE (Chemical events) [0.2107]: Timely detection of and effective response to potential chemical risks and/or events in collaboration with other sectors responsible for chemical safety, indust",,,no_supported_mapping,,,,P3:no_inclusion_cue_overlap_and_moderate_or_low_similarity; R2:no_inclusion_cue_overlap_and_moderate_or_low_similarity; CE:unlikely_area_without_textual_inclusion_support,A COBR meeting was held on 2 March.,False,True,commitment_to_follow_through:0.2595; useful_information:0.2139; sound_reasoning:0.1738,0.2595; 0.2139; 0.1738,"commitment_to_follow_through (Commitment to follow through) [0.2595]: Evidence of intent or mechanism to implement or act on the chosen course. || useful_information (Useful information) [0.2139]: Relevant facts, data, modelling, advice or uncertainty characterisation used in the passage. || sound_reasoning (Sound reasoning) [0.1738]: Linking alternatives, information and values to justify why a course was preferred.",,,insufficient_evidence,,,,,top retrieved DQ cards lacked explicit process evidence in text,Sparse DQ is acceptable; non-observation ≠ absence.,All top-3 retrieved JEE candidates rejected by inclusion/exclusion rules.,journal_cache_decision_evidence_source_quote__framework_card_embeddings,True,evidence_or_information_statement,no_mapping,,,,high,The passage only confirms that a COBR meeting occurred and does not provide evidence of a specific JEE coordination or emergency-management capacity.,insufficient_evidence,,,,high,"The passage reports that a meeting took place but does not show observable evidence of framing, information use, alternatives, values, reasoning or implementation commitment.",policy_content,This traceable passage records the speaker's recollection that a COBR meeting occurred on a Monday believed to be 2 March. It is an information statement; the excerpt does not establish a specific JEE capacity or Decision Quality element.,AL,2026-07-26,complete,,2026-07-26T18:28:57.553083+00:00,2026-07-26T18:28:57.553083+00:00,270579610487
phase1-378,2024-05-23,A firm recommendation should be made regarding the structure for managing national civil emergencies.,A firm recommendation wouldn't be amiss.,A firm recommendation wouldn't be amiss.,True,[],recommendation,R1:0.3942; RE:0.3618; P3:0.3544,0.3942; 0.3618; 0.3544,"R1 (Health emergency management) [0.3942]: Multisectoral actors at national intermediate and primary public health response levels are well coordinated and have a common understanding of the priority ris || RE (Radiation emergencies) [0.3618]: Timely detection and effective response to potential radiological emergencies and nuclear accidents in a cross-sectoral coordinated manner. || P3 (IHR coordination, National IHR Focal Point functions and advocacy) [0.3544]: A mechanism for multisectoral/multidisciplinary coordination, communication and partnerships to detect, assess and respond to any public health event or risk. A",RE,P3,ambiguous_substantive,0.3618,0.3544,inclusion cue token overlap: ['emergencies'],R1:retrieval_neighbour_without_inclusion_support,A firm recommendation should be made regarding the structure for managing national civil emergencies.,True,False,commitment_to_follow_through:0.3184; useful_information:0.2965; helpful_frame:0.2770,0.3184; 0.2965; 0.2770,"commitment_to_follow_through (Commitment to follow through) [0.3184]: Evidence of intent or mechanism to implement or act on the chosen course. || useful_information (Useful information) [0.2965]: Relevant facts, data, modelling, advice or uncertainty characterisation used in the passage. || helpful_frame (Helpful frame) [0.2770]: Clarifying what is being decided and what is not, including purpose, scope and perspective (Decision Education Foundation).",,,insufficient_evidence,,,,,top retrieved DQ cards lacked explicit process evidence in text,Sparse DQ is acceptable; non-observation ≠ absence.,Low margin / weak cue overlap,journal_cache_decision_evidence_source_quote__framework_card_embeddings,True,recommendation,insufficient_evidence,,,,high,The source merely states that a firm recommendation would be appropriate and does not identify its subject or any JEE capacity.,insufficient_evidence,,,,high,"The passage states that a recommendation should be made but does not define the proposed structure, explain the reasoning, identify alternatives or show commitment to implementation.",policy_content,"This traceable passage recommends that a firm but unspecified recommendation be made. Because the subject and proposed structure are absent from the displayed source, there is insufficient evidence for JEE or Decision Quality mapping.",AL,2026-07-26,complete,,2026-07-26T18:35:51.943817+00:00,2026-07-26T18:35:51.943817+00:00,55638939f2b5
phase1-166,2023-12-11,The Treasury agreed to depart from the usual process and put into place a flexible spending control envelope for the Department of Health and Social Care (DHSC) to spend on PPE contracts.,The Treasury had agreed to depart from the usual process and put into place a flexible spending control envelope.,the Treasury had agreed to depart from the usual process and put into place a flexible spending control envelope.,True,[],enacted_or_authorised_decision,P2:0.3369; R1:0.2881; P1:0.2848,0.3369; 0.2881; 0.2848,P2 (Financing) [0.3369]: Financial resources are available in all relevant sectors and public financial management systems enable IHR implementation including core capacity development  || R1 (Health emergency management) [0.2881]: Multisectoral actors at national intermediate and primary public health response levels are well coordinated and have a common understanding of the priority ris || P1 (Legal instruments) [0.2848]: Legal instruments are in place in all relevant sectors to support IHR implementation including core capacity development and maintenance.,,,no_supported_mapping,,,,P2:no_inclusion_cue_overlap_and_moderate_or_low_similarity; R1:no_inclusion_cue_overlap_and_moderate_or_low_similarity; P1:no_inclusion_cue_overlap_and_moderate_or_low_similarity,The Treasury agreed to depart from the usual process and put into place a flexible spending control envelope for the Department of Health and Social Care (DHSC) to spend on PPE contracts.,False,True,clear_values:0.2728; useful_information:0.2581; commitment_to_follow_through:0.2553,0.2728; 0.2581; 0.2553,"clear_values (Clear values) [0.2728]: Stated preferences, priorities or trade-offs that identify what mattered in the choice. || useful_information (Useful information) [0.2581]: Relevant facts, data, modelling, advice or uncertainty characterisation used in the passage. || commitment_to_follow_through (Commitment to follow through) [0.2553]: Evidence of intent or mechanism to implement or act on the chosen course.",,,insufficient_evidence,,,,,top retrieved DQ cards lacked explicit process evidence in text,Sparse DQ is acceptable; non-observation ≠ absence.,All top-3 retrieved JEE candidates rejected by inclusion/exclusion rules.,journal_cache_decision_evidence_source_quote__framework_card_embeddings,True,enacted_or_authorised_decision,insufficient_evidence,,,,high,"The source confirms that the Treasury created a flexible spending control envelope, but it does not identify the recipient, purpose or public-health capacity financed, so a specific JEE area cannot be determined.",replace,commitment_to_follow_through,,the Treasury had agreed to depart from the usual process and put into place a flexible spending control envelope.,high,"The passage records an authorised departure from the usual process and establishment of a concrete spending-control mechanism, providing direct evidence of follow-through.",policy_content,"This traceable passage records an authorised Treasury decision to depart from the usual process and establish a flexible spending control envelope. It demonstrates commitment to follow through, but the displayed source does not identify DHSC, PPE contracts or a specific JEE financing capacity.",AL,2026-07-26,complete,,2026-07-26T18:39:26.603438+00:00,2026-07-26T18:39:26.603438+00:00,55638939f2b5
phase1-198,2023-12-11,A £500 payment was introduced to support people to self-isolate.,"The scheme was introduced in September, it provided a £500 payment, and it was introduced as a result of those deliberations in government.","Ultimately a scheme was introduced. It was introduced in September, it provided a £500 payment, and it was introduced as a result of those deliberations in government.",True,[],other_candidate,R4:0.2611; P2:0.2590; R3:0.2539,0.2611; 0.2590; 0.2539,"R4 (Infection prevention and control) [0.2611]: Prevent HCAIs and emergence and spread of AMR. || P2 (Financing) [0.2590]: Financial resources are available in all relevant sectors and public financial management systems enable IHR implementation including core capacity development  || R3 (Health services provision) [0.2539]: Resilient health systems that are capable of delivering emergency related clinical care, and optimal utilization of health services while ensuring continuity of",,,no_supported_mapping,,,,R4:no_inclusion_cue_overlap_and_moderate_or_low_similarity; P2:no_inclusion_cue_overlap_and_moderate_or_low_similarity; R3:no_inclusion_cue_overlap_and_moderate_or_low_similarity,A £500 payment was introduced to support people to self-isolate.,False,True,commitment_to_follow_through:0.2149; useful_information:0.2044; clear_values:0.1996,0.2149; 0.2044; 0.1996,"commitment_to_follow_through (Commitment to follow through) [0.2149]: Evidence of intent or mechanism to implement or act on the chosen course. || useful_information (Useful information) [0.2044]: Relevant facts, data, modelling, advice or uncertainty characterisation used in the passage. || clear_values (Clear values) [0.1996]: Stated preferences, priorities or trade-offs that identify what mattered in the choice.",,,insufficient_evidence,,,,,top retrieved DQ cards lacked explicit process evidence in text,Sparse DQ is acceptable; non-observation ≠ absence.,All top-3 retrieved JEE candidates rejected by inclusion/exclusion rules.,journal_cache_decision_evidence_source_quote__framework_card_embeddings,True,implementation_statement,insufficient_evidence,,,,high,"The passage confirms that an unspecified scheme providing a £500 payment was introduced, but it does not state the scheme's purpose or identify a JEE capacity.",replace,commitment_to_follow_through,,"Ultimately a scheme was introduced. It was introduced in September, it provided a £500 payment, and it was introduced as a result of those deliberations in government.",high,"The passage shows commitment to follow through because the scheme was introduced, given an implementation month and supported by a specified payment mechanism.",policy_content,"This traceable passage records implementation of an unspecified £500 payment scheme in September following government deliberations. It clearly shows commitment to follow through, but the source does not state that the scheme supported self-isolation or identify a specific JEE capacity.",AL,2026-07-26,complete,,2026-07-26T18:42:18.093267+00:00,2026-07-26T18:42:18.093267+00:00,55638939f2b5
phase1-326,2023-12-14,Pubs and restaurants were to re-open on 4 July 2020.,The Prime Minister announced a timetable for the easing of NPIs imposed in England.,"Under that roadmap, which was the subject of detailed scientific and public health advice, pubs and restaurants were to re-open on 4 July 2020.",True,[],other_candidate,R4:0.3165; P6:0.2996; P4:0.2978,0.3165; 0.2996; 0.2978,"R4 (Infection prevention and control) [0.3165]: Prevent HCAIs and emergence and spread of AMR. || P6 (Food safety) [0.2996]: Timely detection and effective response of potential food-related events in collaboration with other sectors responsible for food safety. || P4 (Antimicrobial resistance (AMR)) [0.2978]: Decisive and comprehensive action to prevent the emergence and spread of AMR, which poses a substantial and evolving threat to disease control and health securi",,,no_supported_mapping,,,,R4:no_inclusion_cue_overlap_and_moderate_or_low_similarity; P6:unlikely_area_without_textual_inclusion_support; P4:unlikely_area_without_textual_inclusion_support,Pubs and restaurants were to re-open on 4 July 2020.,False,True,useful_information:0.2193; clear_values:0.1582; commitment_to_follow_through:0.1549,0.2193; 0.1582; 0.1549,"useful_information (Useful information) [0.2193]: Relevant facts, data, modelling, advice or uncertainty characterisation used in the passage. || clear_values (Clear values) [0.1582]: Stated preferences, priorities or trade-offs that identify what mattered in the choice. || commitment_to_follow_through (Commitment to follow through) [0.1549]: Evidence of intent or mechanism to implement or act on the chosen course.",useful_information,,ambiguous,0.2193,,Pubs and restaurants were to re-open on 4 July 2020.,advice,recommendation≠commitment rule applied where relevant,Weak textual gate / moderate similarity,All top-3 retrieved JEE candidates rejected by inclusion/exclusion rules.,journal_cache_decision_evidence_source_quote__framework_card_embeddings,True,enacted_or_authorised_decision,no_mapping,,,,high,The passage records the easing of a domestic social-distancing measure but does not evidence a specific JEE preparedness or response capacity.,replace,commitment_to_follow_through,,pubs and restaurants were to re-open on 4 July 2020.,high,"The passage provides a specific implementation date for reopening pubs and restaurants, giving direct evidence of commitment to carry out the decision.",policy_content,This traceable passage records an authorised decision to reopen pubs and restaurants on a specified date. It demonstrates commitment to implementation but does not support a specific JEE capacity. The generic statement that the roadmap received scientific and public-health advice is not sufficient by itself to code useful_information.,AL,2026-07-26,complete,,2026-07-26T18:46:14.555573+00:00,2026-07-26T18:46:14.555573+00:00,55638939f2b5
phase1-375,2024-05-23,"Cabinet committees, specifically Covid-S and Covid-O, were given the status of full cabinet committees for decision-making.",The decisions were taken in Covid-S or Covid-O. Which they were entitled to do. They have the status of -- they had the status of full cabinet committees.,The decisions were taken in Covid-S or Covid-O. Which they were entitled to do. They have the status of -- they had the status of full cabinet committees,True,[],other_candidate,R1:0.3138; R2:0.3071; D2:0.3059,0.3138; 0.3071; 0.3059,"R1 (Health emergency management) [0.3138]: Multisectoral actors at national intermediate and primary public health response levels are well coordinated and have a common understanding of the priority ris || R2 (Linking public health and security authorities) [0.3071]: Development and implementation of a MoU or other similar framework outlining roles, responsibilities and best practices for sharing relevant information between || D2 (Surveillance) [0.3059]: (1) A functioning public health surveillance system capable of identifying potential events of concern for public health and health security. Enhanced national ",,,no_supported_mapping,,,,R1:no_inclusion_cue_overlap_and_moderate_or_low_similarity; R2:no_inclusion_cue_overlap_and_moderate_or_low_similarity; D2:no_inclusion_cue_overlap_and_moderate_or_low_similarity,"Cabinet committees, specifically Covid-S and Covid-O, were given the status of full cabinet committees for decision-making.",False,True,commitment_to_follow_through:0.3312; useful_information:0.3208; helpful_frame:0.3098,0.3312; 0.3208; 0.3098,"commitment_to_follow_through (Commitment to follow through) [0.3312]: Evidence of intent or mechanism to implement or act on the chosen course. || useful_information (Useful information) [0.3208]: Relevant facts, data, modelling, advice or uncertainty characterisation used in the passage. || helpful_frame (Helpful frame) [0.3098]: Clarifying what is being decided and what is not, including purpose, scope and perspective (Decision Education Foundation).",,,insufficient_evidence,,,,,top retrieved DQ cards lacked explicit process evidence in text,Sparse DQ is acceptable; non-observation ≠ absence.,All top-3 retrieved JEE candidates rejected by inclusion/exclusion rules.,journal_cache_decision_evidence_source_quote__framework_card_embeddings,True,enacted_or_authorised_decision,no_mapping,,,,high,The passage describes Cabinet-level political decision-making authority but does not evidence a specific JEE public-health coordination or emergency-management capacity.,replace,commitment_to_follow_through,,The decisions were taken in Covid-S or Covid-O. Which they were entitled to do. They have the status of -- they had the status of full cabinet committees,high,The passage shows an authorised decision-making mechanism because Covid-S and Covid-O were given full Cabinet committee status and were empowered to take decisions.,policy_content,"This traceable entry records an authorised governance arrangement that empowered Covid-S and Covid-O to take decisions with full Cabinet committee status. It clearly shows commitment to follow through through the creation of a formal decision-making mechanism, but it does not evidence a specific JEE capacity.",AL,2026-07-26,complete,,2026-07-26T18:50:32.016761+00:00,2026-07-26T18:50:32.016761+00:00,55638939f2b5
phase1-380,2024-05-23,Continue to recommend Covid-S Covid-O style models.,I would continue to recommend Covid-S Covid-O style models.,I would continue to recommend Covid-S Covid-O style models.,True,[],recommendation,P5:0.2287; P4:0.2239; R4:0.2182,0.2287; 0.2239; 0.2182,"P5 (Zoonotic disease) [0.2287]: Functional animal health, public health systems and environmental health work individually and collaboratively together through documented mechanisms of coordin || P4 (Antimicrobial resistance (AMR)) [0.2239]: Decisive and comprehensive action to prevent the emergence and spread of AMR, which poses a substantial and evolving threat to disease control and health securi || R4 (Infection prevention and control) [0.2182]: Prevent HCAIs and emergence and spread of AMR.",,,insufficient_evidence,,,,P5:unlikely_area_without_textual_inclusion_support; P4:unlikely_area_without_textual_inclusion_support; R4:no_inclusion_cue_overlap_and_moderate_or_low_similarity,Continue to recommend Covid-S Covid-O style models.,False,True,useful_information:0.2684; creative_alternatives:0.2347; clear_values:0.2075,0.2684; 0.2347; 0.2075,"useful_information (Useful information) [0.2684]: Relevant facts, data, modelling, advice or uncertainty characterisation used in the passage. || creative_alternatives (Creative alternatives) [0.2347]: Evidence that more than one actionable option or course of action was generated or compared. || clear_values (Clear values) [0.2075]: Stated preferences, priorities or trade-offs that identify what mattered in the choice.",useful_information,,ambiguous,0.2684,,Continue to recommend Covid-S Covid-O style models.,model,recommendation≠commitment rule applied where relevant,Weak textual gate / moderate similarity,All top-3 retrieved JEE candidates rejected by inclusion/exclusion rules.,journal_cache_decision_evidence_source_quote__framework_card_embeddings,True,recommendation,insufficient_evidence,,,,high,"The passage refers only to Covid-S and Covid-O style models without describing their structure, functions or public-health capacity, so there is insufficient evidence to assign a JEE area.",insufficient_evidence,,,,high,"The passage states a recommendation but provides no observable evidence of framing, information use, alternatives, values, reasoning or commitment to implementation.",policy_content,"This traceable passage records a recommendation to continue using Covid-S and Covid-O style governance models. However, it is too brief to determine a JEE mapping or identify an observable Decision Quality element.",AL,2026-07-26,complete,,2026-07-26T18:53:07.665011+00:00,2026-07-26T18:53:07.665011+00:00,55638939f2b5
phase1-382,2024-05-23,Change in leadership around Covid was implemented.,"we actually had an external group give us recommendations about things that needed to change and how we should -- how I should go about setting up the taskforce. So... they recommended: a change in leadership around Covid, which I did through the Covid Taskforce leadership;","they recommended: a change in leadership around Covid, which I did through the Covid Taskforce leadership;",False,"[""possible_duplicate""]",implementation_statement,P3:0.3362; R1:0.3329; D3:0.3328,0.3362; 0.3329; 0.3328,"P3 (IHR coordination, National IHR Focal Point functions and advocacy) [0.3362]: A mechanism for multisectoral/multidisciplinary coordination, communication and partnerships to detect, assess and respond to any public health event or risk. A || R1 (Health emergency management) [0.3329]: Multisectoral actors at national intermediate and primary public health response levels are well coordinated and have a common understanding of the priority ris || D3 (Human resources) [0.3328]: Prevention, detection and response activities (including health promotion, occupational health safety and security, and appropriate care of those affected) cond",,,no_supported_mapping,,,,P3:no_inclusion_cue_overlap_and_moderate_or_low_similarity; R1:no_inclusion_cue_overlap_and_moderate_or_low_similarity; D3:no_inclusion_cue_overlap_and_moderate_or_low_similarity,Change in leadership around Covid was implemented.,False,True,commitment_to_follow_through:0.3236; useful_information:0.2939; helpful_frame:0.2778,0.3236; 0.2939; 0.2778,"commitment_to_follow_through (Commitment to follow through) [0.3236]: Evidence of intent or mechanism to implement or act on the chosen course. || useful_information (Useful information) [0.2939]: Relevant facts, data, modelling, advice or uncertainty characterisation used in the passage. || helpful_frame (Helpful frame) [0.2778]: Clarifying what is being decided and what is not, including purpose, scope and perspective (Decision Education Foundation).",commitment_to_follow_through,,ambiguous,0.3236,,Change in leadership around Covid was implemented.,implemented,recommendation≠commitment rule applied where relevant,Weak textual gate / moderate similarity,All top-3 retrieved JEE candidates rejected by inclusion/exclusion rules.,journal_cache_decision_evidence_source_quote__framework_card_embeddings,True,implementation_statement,insufficient_evidence,,,,high,The passage confirms implementation of a Covid Taskforce leadership change but provides insufficient detail about the taskforce's health-emergency-management functions or wider response system to assign R1.,accept,commitment_to_follow_through,useful_information,"we actually had an external group give us recommendations about things that needed to change and how we should -- how I should go about setting up the taskforce. So... they recommended: a change in leadership around Covid, which I did through the Covid Taskforce leadership;",high,"The passage presents the content of an external recommendation—a change in Covid Taskforce leadership—and confirms that it was implemented. This directly supports commitment to follow through, with the specific external advice as secondary useful information.",policy_content,"This traceability-failed passage records implementation of a Covid Taskforce leadership change following a specific external recommendation. It demonstrates commitment to follow through and observable use of external advice, while the taskforce's specific JEE health-emergency-management function remains insufficiently specified.",AL,2026-07-26,complete,,2026-07-26T18:58:24.989940+00:00,2026-07-26T18:58:24.989940+00:00,55638939f2b5
phase1-048,2023-11-30,The Inquiry should propose a report after Modules 1 and 2.,"This central question of when do you lock down, what are the triggers, in what order should NPIs be brought in, how much data do you need.",I think it's very good that the Inquiry's proposing to do a report after Modules 1 and 2.,True,[],recommendation,D2:0.4253; R4:0.4161; R2:0.4082,0.4253; 0.4161; 0.4082,"D2 (Surveillance) [0.4253]: (1) A functioning public health surveillance system capable of identifying potential events of concern for public health and health security. Enhanced national  || R4 (Infection prevention and control) [0.4161]: Prevent HCAIs and emergence and spread of AMR. || R2 (Linking public health and security authorities) [0.4082]: Development and implementation of a MoU or other similar framework outlining roles, responsibilities and best practices for sharing relevant information between",,,no_supported_mapping,,,,D2:retrieval_neighbour_without_inclusion_support; R4:retrieval_neighbour_without_inclusion_support; R2:retrieval_neighbour_without_inclusion_support,The Inquiry should propose a report after Modules 1 and 2.,False,True,useful_information:0.3046; commitment_to_follow_through:0.2884; sound_reasoning:0.2732,0.3046; 0.2884; 0.2732,"useful_information (Useful information) [0.3046]: Relevant facts, data, modelling, advice or uncertainty characterisation used in the passage. || commitment_to_follow_through (Commitment to follow through) [0.2884]: Evidence of intent or mechanism to implement or act on the chosen course. || sound_reasoning (Sound reasoning) [0.2732]: Linking alternatives, information and values to justify why a course was preferred.",useful_information,,ambiguous,0.3046,,The Inquiry should propose a report after Modules 1 and 2.,data,recommendation≠commitment rule applied where relevant,Weak textual gate / moderate similarity,All top-3 retrieved JEE candidates rejected by inclusion/exclusion rules.,journal_cache_decision_evidence_source_quote__framework_card_embeddings,True,procedural_or_inquiry,procedural_or_inquiry,,,,high,The passage concerns the Inquiry's reporting process rather than a public-health preparedness or response capacity.,procedural_or_inquiry,,,,high,The passage comments on the Inquiry's reporting process and does not provide observable evidence from a substantive policy decision process.,inquiry_procedure,"This traceable passage concerns the Inquiry's proposal to issue a report after Modules 1 and 2. It is inquiry procedure rather than substantive policy content, so no JEE or Decision Quality mapping is applied.",AL,2026-07-26,complete,,2026-07-26T19:01:08.347332+00:00,2026-07-26T19:01:08.347332+00:00,cb92c1fa4bc6
phase1-204,2023-12-11,The oral evidence for Module 2 has been completed.,"The oral evidence is, I have to repeat and emphasise, just one part of the process.","LADY HALLETT: That completes, as Mr Keith says, the oral evidence for Module 2.",True,[],procedural_or_inquiry,D2:0.2431; R2:0.2293; D1:0.2219,0.2431; 0.2293; 0.2219,"D2 (Surveillance) [0.2431]: (1) A functioning public health surveillance system capable of identifying potential events of concern for public health and health security. Enhanced national  || R2 (Linking public health and security authorities) [0.2293]: Development and implementation of a MoU or other similar framework outlining roles, responsibilities and best practices for sharing relevant information between || D1 (National laboratory system) [0.2219]: Effective use of a nationwide laboratory system, including all relevant sectors, capable of safely and accurately detecting and characterizing pathogens causing",,,procedural_or_inquiry,,,,procedural/inquiry pathway; substantive mapping withheld,The oral evidence for Module 2 has been completed.,False,True,commitment_to_follow_through:0.2753; sound_reasoning:0.2536; useful_information:0.2410,0.2753; 0.2536; 0.2410,"commitment_to_follow_through (Commitment to follow through) [0.2753]: Evidence of intent or mechanism to implement or act on the chosen course. || sound_reasoning (Sound reasoning) [0.2536]: Linking alternatives, information and values to justify why a course was preferred. || useful_information (Useful information) [0.2410]: Relevant facts, data, modelling, advice or uncertainty characterisation used in the passage.",,,procedural_or_inquiry,,,The oral evidence for Module 2 has been completed.,,procedural/inquiry pathway,,Procedural/inquiry entry; cosine suggestions retained for audit only.,journal_cache_decision_evidence_source_quote__framework_card_embeddings,True,procedural_or_inquiry,procedural_or_inquiry,,,,high,The passage records the completion of oral evidence in an Inquiry module and does not concern a public-health preparedness or response capacity.,procedural_or_inquiry,,,,high,The passage concerns the administration and progress of the Inquiry rather than a substantive decision-making process.,inquiry_procedure,"This traceable entry records the procedural completion of oral evidence for Module 2. It is Inquiry administration rather than substantive policy content, so no JEE or Decision Quality mapping applies.",AL,2026-07-27,complete,,2026-07-27T01:01:10.760415+00:00,2026-07-27T01:01:10.760415+00:00,f0d1dd0b5d41
phase1-207,2023-12-13,The provisional finding regarding the publication of individual excerpts from the transcribed notes is made final.,The provisional finding is made final and the ruling is directed to be published.,LADY HALLETT: I do. Thank you very much.,True,[],enacted_or_authorised_decision,R4:0.1416; P1:0.1389; P3:0.1319,0.1416; 0.1389; 0.1319,"R4 (Infection prevention and control) [0.1416]: Prevent HCAIs and emergence and spread of AMR. || P1 (Legal instruments) [0.1389]: Legal instruments are in place in all relevant sectors to support IHR implementation including core capacity development and maintenance. || P3 (IHR coordination, National IHR Focal Point functions and advocacy) [0.1319]: A mechanism for multisectoral/multidisciplinary coordination, communication and partnerships to detect, assess and respond to any public health event or risk. A",,,no_supported_mapping,,,,R4:no_inclusion_cue_overlap_and_moderate_or_low_similarity; P1:no_inclusion_cue_overlap_and_moderate_or_low_similarity; P3:no_inclusion_cue_overlap_and_moderate_or_low_similarity,The provisional finding regarding the publication of individual excerpts from the transcribed notes is made final.,False,True,sound_reasoning:0.2297; clear_values:0.2253; commitment_to_follow_through:0.2234,0.2297; 0.2253; 0.2234,"sound_reasoning (Sound reasoning) [0.2297]: Linking alternatives, information and values to justify why a course was preferred. || clear_values (Clear values) [0.2253]: Stated preferences, priorities or trade-offs that identify what mattered in the choice. || commitment_to_follow_through (Commitment to follow through) [0.2234]: Evidence of intent or mechanism to implement or act on the chosen course.",commitment_to_follow_through,,ambiguous,0.2234,,The provisional finding regarding the publication of individual excerpts from the transcribed notes is made final.,directed,recommendation≠commitment rule applied where relevant,Weak textual gate / moderate similarity,All top-3 retrieved JEE candidates rejected by inclusion/exclusion rules.,journal_cache_decision_evidence_source_quote__framework_card_embeddings,True,procedural_or_inquiry,procedural_or_inquiry,,,,high,The evidence records finalisation and publication of an Inquiry ruling. It concerns Inquiry procedure rather than a public-health preparedness or response capacity.,procedural_or_inquiry,,,,high,The action concerns finalisation and publication of an Inquiry ruling rather than a substantive public-policy decision process.,inquiry_procedure,"The evidence records finalisation and publication of an Inquiry ruling. It is an authorised procedural action within the Inquiry, so no JEE or substantive Decision Quality mapping applies. The displayed source does not identify the ruling as concerning individual excerpts from transcribed notes.",AL,2026-07-27,complete,,2026-07-27T01:03:03.138519+00:00,2026-07-27T01:03:03.138519+00:00,f0d1dd0b5d41
phase1-209,2023-12-13,A list of approximately 430 additional documents is proposed for publication.,The Inquiry legal team has prepared a list of some 430 additional documents which it is proposed should be published.,The Inquiry legal team has prepared a list of some 430 additional documents which it is proposed should be published.,True,"[""possible_duplicate""]",proposed_decision,P1:0.2515; R2:0.2155; P4:0.2122,0.2515; 0.2155; 0.2122,"P1 (Legal instruments) [0.2515]: Legal instruments are in place in all relevant sectors to support IHR implementation including core capacity development and maintenance. || R2 (Linking public health and security authorities) [0.2155]: Development and implementation of a MoU or other similar framework outlining roles, responsibilities and best practices for sharing relevant information between || P4 (Antimicrobial resistance (AMR)) [0.2122]: Decisive and comprehensive action to prevent the emergence and spread of AMR, which poses a substantial and evolving threat to disease control and health securi",P1,,ambiguous_substantive,0.2515,,inclusion cue token overlap: ['legal'],R2:no_inclusion_cue_overlap_and_moderate_or_low_similarity; P4:unlikely_area_without_textual_inclusion_support,A list of approximately 430 additional documents is proposed for publication.,True,False,useful_information:0.2861; creative_alternatives:0.2832; sound_reasoning:0.2431,0.2861; 0.2832; 0.2431,"useful_information (Useful information) [0.2861]: Relevant facts, data, modelling, advice or uncertainty characterisation used in the passage. || creative_alternatives (Creative alternatives) [0.2832]: Evidence that more than one actionable option or course of action was generated or compared. || sound_reasoning (Sound reasoning) [0.2431]: Linking alternatives, information and values to justify why a course was preferred.",,,insufficient_evidence,,,,,top retrieved DQ cards lacked explicit process evidence in text,Sparse DQ is acceptable; non-observation ≠ absence.,Low margin / weak cue overlap,journal_cache_decision_evidence_source_quote__framework_card_embeddings,True,procedural_or_inquiry,procedural_or_inquiry,,,,high,The passage concerns the Inquiry’s proposed publication of documents and does not evidence a public-health legal instrument or another JEE capacity.,procedural_or_inquiry,,,,high,The proposal concerns the administration and disclosure process of the Inquiry rather than a substantive public-policy decision.,inquiry_procedure,"This traceable passage records a proposal by the Inquiry legal team to publish approximately 430 additional documents. It is an Inquiry disclosure and publication matter, so no JEE or substantive Decision Quality mapping applies.",AL,2026-07-27,complete,,2026-07-27T01:04:33.154856+00:00,2026-07-27T01:04:33.154856+00:00,f0d1dd0b5d41
phase1-366,2023-12-14,The Inquiry will start work on preparing a report for Module 2.,"The Inquiry will also now start work on preparing a report for Module 2, considering -- and I emphasise it again -- all the relevant material, both oral and written, that we have obtained.","The Inquiry will also now start work on preparing a report for Module 2, considering -- and I emphasise it again -- all the relevant material, both oral and written, that we have obtained.",True,[],procedural_or_inquiry,D2:0.2970; P1:0.2819; D1:0.2632,0.2970; 0.2819; 0.2632,"D2 (Surveillance) [0.2970]: (1) A functioning public health surveillance system capable of identifying potential events of concern for public health and health security. Enhanced national  || P1 (Legal instruments) [0.2819]: Legal instruments are in place in all relevant sectors to support IHR implementation including core capacity development and maintenance. || D1 (National laboratory system) [0.2632]: Effective use of a nationwide laboratory system, including all relevant sectors, capable of safely and accurately detecting and characterizing pathogens causing",,,procedural_or_inquiry,,,,procedural/inquiry pathway; substantive mapping withheld,The Inquiry will start work on preparing a report for Module 2.,False,True,commitment_to_follow_through:0.2678; useful_information:0.2618; sound_reasoning:0.2450,0.2678; 0.2618; 0.2450,"commitment_to_follow_through (Commitment to follow through) [0.2678]: Evidence of intent or mechanism to implement or act on the chosen course. || useful_information (Useful information) [0.2618]: Relevant facts, data, modelling, advice or uncertainty characterisation used in the passage. || sound_reasoning (Sound reasoning) [0.2450]: Linking alternatives, information and values to justify why a course was preferred.",,,procedural_or_inquiry,,,The Inquiry will start work on preparing a report for Module 2.,,procedural/inquiry pathway,,Procedural/inquiry entry; cosine suggestions retained for audit only.,journal_cache_decision_evidence_source_quote__framework_card_embeddings,True,procedural_or_inquiry,procedural_or_inquiry,,,,high,The passage concerns the Inquiry beginning preparation of its Module 2 report and does not evidence a public-health preparedness or response capacity.,procedural_or_inquiry,,,,high,"Although the passage shows commitment to carry out an action, that action is part of the Inquiry’s reporting process rather than a substantive COVID policy decision.",inquiry_procedure,"This traceable entry records an operational decision by the Inquiry to begin preparing its Module 2 report using the oral and written material obtained. It is an Inquiry-process decision, not a decision made during the COVID response, so no JEE or substantive Decision Quality mapping applies.",AL,2026-07-27,complete,,2026-07-27T01:06:48.871449+00:00,2026-07-27T01:06:48.871449+00:00,f0d1dd0b5d41
phase1-079,2023-11-30,Action was taken to restrict staff movement in care homes.,"We then took action, which I think we announced in the middle of May.","By April, when the -- when there was more -- when we had more time, and the care sector had had time to get its -- to deal with the logistical problems of restricting staff movement, we then took action, which I think we announced in the middle of May.",True,[],other_candidate,P4:0.3155; R4:0.2965; D3:0.2916,0.3155; 0.2965; 0.2916,"P4 (Antimicrobial resistance (AMR)) [0.3155]: Decisive and comprehensive action to prevent the emergence and spread of AMR, which poses a substantial and evolving threat to disease control and health securi || R4 (Infection prevention and control) [0.2965]: Prevent HCAIs and emergence and spread of AMR. || D3 (Human resources) [0.2916]: Prevention, detection and response activities (including health promotion, occupational health safety and security, and appropriate care of those affected) cond",,,no_supported_mapping,,,,P4:unlikely_area_without_textual_inclusion_support; R4:no_inclusion_cue_overlap_and_moderate_or_low_similarity; D3:no_inclusion_cue_overlap_and_moderate_or_low_similarity,Action was taken to restrict staff movement in care homes.,False,True,commitment_to_follow_through:0.2664; clear_values:0.2440; useful_information:0.2281,0.2664; 0.2440; 0.2281,"commitment_to_follow_through (Commitment to follow through) [0.2664]: Evidence of intent or mechanism to implement or act on the chosen course. || clear_values (Clear values) [0.2440]: Stated preferences, priorities or trade-offs that identify what mattered in the choice. || useful_information (Useful information) [0.2281]: Relevant facts, data, modelling, advice or uncertainty characterisation used in the passage.",,,insufficient_evidence,,,,,top retrieved DQ cards lacked explicit process evidence in text,Sparse DQ is acceptable; non-observation ≠ absence.,All top-3 retrieved JEE candidates rejected by inclusion/exclusion rules.,journal_cache_decision_evidence_source_quote__framework_card_embeddings,True,implementation_statement,replace,R4,,"the care sector had had time to get its -- to deal with the logistical problems of restricting staff movement, we then took action",medium,"The passage describes action following preparation for restricting staff movement in the care sector, which is consistent with a facility infection-control measure; confidence is medium because the transmission-control purpose is not stated explicitly.",replace,commitment_to_follow_through,sound_reasoning,"By April, when the -- when there was more -- when we had more time, and the care sector had had time to get its -- to deal with the logistical problems of restricting staff movement, we then took action, which I think we announced in the middle of May.",high,The passage confirms that action was taken and links its timing to allowing the care sector time to address the logistical problems of restricting staff movement.,policy_content,This traceable passage records implementation of a care-sector staff-movement restriction after time was allowed to address logistical problems. It supports R4 with medium confidence and shows follow-through and reasoning about timing.,AL,2026-07-27,complete,,2026-07-27T01:10:19.792816+00:00,2026-07-27T01:10:19.792816+00:00,f0d1dd0b5d41
phase1-106,2023-12-01,Lessons learned exercise regarding PPE stockpile management.,it is absolutely clear that this is an important part of the lessons learned exercise,it is absolutely clear that this is an important part of the lessons learned exercise,True,[],other_candidate,P1:0.3743; P2:0.3686; PoE:0.3685,0.3743; 0.3686; 0.3685,P1 (Legal instruments) [0.3743]: Legal instruments are in place in all relevant sectors to support IHR implementation including core capacity development and maintenance. || P2 (Financing) [0.3686]: Financial resources are available in all relevant sectors and public financial management systems enable IHR implementation including core capacity development  || PoE (Points of entry and border health) [0.3685]: Timely detection of and effective response to any potential hazards that occur at PoEs.,,,no_supported_mapping,,,,P1:retrieval_neighbour_without_inclusion_support; P2:retrieval_neighbour_without_inclusion_support; PoE:retrieval_neighbour_without_inclusion_support,Lessons learned exercise regarding PPE stockpile management.,False,True,clear_values:0.3175; useful_information:0.3044; commitment_to_follow_through:0.2948,0.3175; 0.3044; 0.2948,"clear_values (Clear values) [0.3175]: Stated preferences, priorities or trade-offs that identify what mattered in the choice. || useful_information (Useful information) [0.3044]: Relevant facts, data, modelling, advice or uncertainty characterisation used in the passage. || commitment_to_follow_through (Commitment to follow through) [0.2948]: Evidence of intent or mechanism to implement or act on the chosen course.",,,insufficient_evidence,,,,,top retrieved DQ cards lacked explicit process evidence in text,Sparse DQ is acceptable; non-observation ≠ absence.,All top-3 retrieved JEE candidates rejected by inclusion/exclusion rules.,journal_cache_decision_evidence_source_quote__framework_card_embeddings,True,retrospective_judgement,insufficient_evidence,,,,high,The source refers to an unspecified matter as an important part of a lessons-learned exercise but does not identify PPE stockpile management or any JEE capacity.,insufficient_evidence,,,,high,The passage expresses an evaluative judgement that an unspecified matter is important but provides insufficient detail to identify an observable Decision Quality element.,policy_content,This traceable passage is a retrospective judgement that an unspecified matter is important to a lessons-learned exercise. The excerpt does not identify PPE stockpile management and is insufficient for JEE or Decision Quality mapping.,AL,2026-07-27,complete,,2026-07-27T01:12:50.362800+00:00,2026-07-27T01:12:50.362800+00:00,f0d1dd0b5d41
phase1-182,2023-12-11,Regulations will be brought in to prohibit staff movement between care homes as a matter of law.,"According to him, at a Covid-O meeting on 15 September 2020, it was agreed that regulations would be brought in to prohibit staff movement between care homes as a matter of law.","According to him, at a Covid-O meeting on 15 September 2020, it was agreed that regulations would be brought in to prohibit staff movement between care homes as a matter of law.",True,[],other_candidate,R2:0.3235; P7:0.3164; P4:0.2982,0.3235; 0.3164; 0.2982,"R2 (Linking public health and security authorities) [0.3235]: Development and implementation of a MoU or other similar framework outlining roles, responsibilities and best practices for sharing relevant information between || P7 (Biosafety and biosecurity) [0.3164]: Implementation of a comprehensive, sustainable and legally embedded national oversight programme for biosafety and biosecurity, including the safe and secure us || P4 (Antimicrobial resistance (AMR)) [0.2982]: Decisive and comprehensive action to prevent the emergence and spread of AMR, which poses a substantial and evolving threat to disease control and health securi",,,no_supported_mapping,,,,R2:no_inclusion_cue_overlap_and_moderate_or_low_similarity; P7:unlikely_area_without_textual_inclusion_support; P4:unlikely_area_without_textual_inclusion_support,Regulations will be brought in to prohibit staff movement between care homes as a matter of law.,False,True,commitment_to_follow_through:0.2265; clear_values:0.2172; useful_information:0.2035,0.2265; 0.2172; 0.2035,"commitment_to_follow_through (Commitment to follow through) [0.2265]: Evidence of intent or mechanism to implement or act on the chosen course. || clear_values (Clear values) [0.2172]: Stated preferences, priorities or trade-offs that identify what mattered in the choice. || useful_information (Useful information) [0.2035]: Relevant facts, data, modelling, advice or uncertainty characterisation used in the passage.",,,insufficient_evidence,,,,,top retrieved DQ cards lacked explicit process evidence in text,Sparse DQ is acceptable; non-observation ≠ absence.,All top-3 retrieved JEE candidates rejected by inclusion/exclusion rules.,journal_cache_decision_evidence_source_quote__framework_card_embeddings,True,enacted_or_authorised_decision,replace,R4,,it was agreed that regulations would be brought in to prohibit staff movement between care homes as a matter of law.,high,"The decision establishes a facility infection-control measure by restricting staff movement between care homes. The legal mechanism is part of this specific measure, but the excerpt does not evidence the broader emergency legal-preparedness capacity required for a separate P1 mapping.",replace,commitment_to_follow_through,,"According to him, at a Covid-O meeting on 15 September 2020, it was agreed that regulations would be brought in to prohibit staff movement between care homes as a matter of law.",high,The passage records an authoritative agreement and identifies the implementation mechanism: introducing regulations to make the restriction legally enforceable.,policy_content,"This traceable passage records an authorised decision to introduce legally enforceable restrictions on staff movement between care homes. It supports R4 Infection prevention and control and demonstrates commitment to follow through through the planned regulations, but it does not independently support P1 Legal instruments as a second JEE capacity.",AL,2026-07-27,complete,,2026-07-27T01:19:32.284240+00:00,2026-07-27T01:19:32.284240+00:00,f0d1dd0b5d41
phase1-298,2023-12-13,A stop order was placed on further procurement of FFP3 respirators from 30 June 2020.,"It is perplexing that, just at the point when airborne transmission was becoming more widely acknowledged, a stop order was placed on further procurement of FFP3 respirators from 30 June 2020.",a stop order was placed on further procurement of FFP3 respirators from 30 June 2020.,True,[],other_candidate,P4:0.3619; PoE:0.3120; R4:0.3062,0.3619; 0.3120; 0.3062,"P4 (Antimicrobial resistance (AMR)) [0.3619]: Decisive and comprehensive action to prevent the emergence and spread of AMR, which poses a substantial and evolving threat to disease control and health securi || PoE (Points of entry and border health) [0.3120]: Timely detection of and effective response to any potential hazards that occur at PoEs. || R4 (Infection prevention and control) [0.3062]: Prevent HCAIs and emergence and spread of AMR.",,,no_supported_mapping,,,,P4:unlikely_area_without_textual_inclusion_support; PoE:no_inclusion_cue_overlap_and_moderate_or_low_similarity; R4:no_inclusion_cue_overlap_and_moderate_or_low_similarity,A stop order was placed on further procurement of FFP3 respirators from 30 June 2020.,False,True,useful_information:0.2675; clear_values:0.2414; commitment_to_follow_through:0.1982,0.2675; 0.2414; 0.1982,"useful_information (Useful information) [0.2675]: Relevant facts, data, modelling, advice or uncertainty characterisation used in the passage. || clear_values (Clear values) [0.2414]: Stated preferences, priorities or trade-offs that identify what mattered in the choice. || commitment_to_follow_through (Commitment to follow through) [0.1982]: Evidence of intent or mechanism to implement or act on the chosen course.",,,insufficient_evidence,,,,,top retrieved DQ cards lacked explicit process evidence in text,Sparse DQ is acceptable; non-observation ≠ absence.,All top-3 retrieved JEE candidates rejected by inclusion/exclusion rules.,journal_cache_decision_evidence_source_quote__framework_card_embeddings,True,enacted_or_authorised_decision,replace,R4,,a stop order was placed on further procurement of FFP3 respirators from 30 June 2020.,high,"The passage records a procurement decision directly affecting the availability of FFP3 respirators, which are PPE used for infection prevention and control in healthcare settings.",replace,commitment_to_follow_through,,a stop order was placed on further procurement of FFP3 respirators from 30 June 2020.,high,The passage shows that the procurement decision was implemented through a formal stop order with a specified effective date.,policy_content,"This traceable entry records an enacted COVID-19 procurement decision to stop further purchases of FFP3 respirators from a specified date. It affects infection-prevention capacity and demonstrates implementation through a formal stop order, although the passage does not explain the reasoning behind the decision.",AL,2026-07-27,complete,,2026-07-27T01:22:10.771719+00:00,2026-07-27T01:22:10.771719+00:00,f0d1dd0b5d41
phase1-142,2023-12-07,The Ask for ANI scheme was established to assist victims of domestic abuse.,We set up the Ask for ANI scheme.,We set up the Ask for ANI scheme.,True,[],other_candidate,R4:0.2798; P3:0.2638; RE:0.2528,0.2798; 0.2638; 0.2528,"R4 (Infection prevention and control) [0.2798]: Prevent HCAIs and emergence and spread of AMR. || P3 (IHR coordination, National IHR Focal Point functions and advocacy) [0.2638]: A mechanism for multisectoral/multidisciplinary coordination, communication and partnerships to detect, assess and respond to any public health event or risk. A || RE (Radiation emergencies) [0.2528]: Timely detection and effective response to potential radiological emergencies and nuclear accidents in a cross-sectoral coordinated manner.",,,insufficient_evidence,,,,R4:no_inclusion_cue_overlap_and_moderate_or_low_similarity; P3:no_inclusion_cue_overlap_and_moderate_or_low_similarity; RE:unlikely_area_without_textual_inclusion_support,The Ask for ANI scheme was established to assist victims of domestic abuse.,False,True,commitment_to_follow_through:0.1403; sound_reasoning:0.1201; creative_alternatives:0.1175,0.1403; 0.1201; 0.1175,"commitment_to_follow_through (Commitment to follow through) [0.1403]: Evidence of intent or mechanism to implement or act on the chosen course. || sound_reasoning (Sound reasoning) [0.1201]: Linking alternatives, information and values to justify why a course was preferred. || creative_alternatives (Creative alternatives) [0.1175]: Evidence that more than one actionable option or course of action was generated or compared.",,,insufficient_evidence,,,,,top retrieved DQ cards lacked explicit process evidence in text,Sparse DQ is acceptable; non-observation ≠ absence.,All top-3 retrieved JEE candidates rejected by inclusion/exclusion rules.,journal_cache_decision_evidence_source_quote__framework_card_embeddings,True,implementation_statement,insufficient_evidence,,,,high,The passage confirms that the Ask for ANI scheme was set up but does not describe its purpose or function sufficiently to determine whether a JEE capacity is involved.,replace,commitment_to_follow_through,,We set up the Ask for ANI scheme.,high,"The passage confirms that the scheme was actually established, providing direct evidence that the policy action was implemented.",policy_content,"This traceable passage records implementation of the named Ask for ANI scheme and demonstrates follow-through. However, the displayed source does not state that it assisted victims of domestic abuse or otherwise explain its function, so no JEE mapping can be determined from this excerpt.",AL,2026-07-27,complete,,2026-07-27T01:24:16.443426+00:00,2026-07-27T01:24:16.443426+00:00,f0d1dd0b5d41
phase1-281,2023-12-13,An exemption should be created to permit friends or family to offer a person escaping abuse a temporary place to stay.,"We say that a parallel position to which no thought was given was equally necessary. That parallel position is through an exemption to permit friends or family to offer a person escaping abuse a temporary place to stay, an informal safe haven.","We say that a parallel position to which no thought was given was equally necessary. That parallel position is through an exemption to permit friends or family to offer a person escaping abuse a temporary place to stay, an informal safe haven.",True,[],recommendation,R2:0.2759; PoE:0.2581; R3:0.2563,0.2759; 0.2581; 0.2563,"R2 (Linking public health and security authorities) [0.2759]: Development and implementation of a MoU or other similar framework outlining roles, responsibilities and best practices for sharing relevant information between || PoE (Points of entry and border health) [0.2581]: Timely detection of and effective response to any potential hazards that occur at PoEs. || R3 (Health services provision) [0.2563]: Resilient health systems that are capable of delivering emergency related clinical care, and optimal utilization of health services while ensuring continuity of",,,no_supported_mapping,,,,R2:no_inclusion_cue_overlap_and_moderate_or_low_similarity; PoE:no_inclusion_cue_overlap_and_moderate_or_low_similarity; R3:no_inclusion_cue_overlap_and_moderate_or_low_similarity,An exemption should be created to permit friends or family to offer a person escaping abuse a temporary place to stay.,False,True,clear_values:0.2348; creative_alternatives:0.2204; sound_reasoning:0.2114,0.2348; 0.2204; 0.2114,"clear_values (Clear values) [0.2348]: Stated preferences, priorities or trade-offs that identify what mattered in the choice. || creative_alternatives (Creative alternatives) [0.2204]: Evidence that more than one actionable option or course of action was generated or compared. || sound_reasoning (Sound reasoning) [0.2114]: Linking alternatives, information and values to justify why a course was preferred.",,,insufficient_evidence,,,,,top retrieved DQ cards lacked explicit process evidence in text,Sparse DQ is acceptable; non-observation ≠ absence.,All top-3 retrieved JEE candidates rejected by inclusion/exclusion rules.,journal_cache_decision_evidence_source_quote__framework_card_embeddings,True,recommendation,no_mapping,,,,high,The passage proposes a social-protection exemption for people escaping domestic abuse but does not evidence a specific JEE preparedness or response capacity.,replace,clear_values,,an exemption to permit friends or family to offer a person escaping abuse a temporary place to stay,medium,The recommendation makes protection and temporary safety for people escaping abuse the explicit priority behind the proposed exemption.,policy_content,This traceable passage records a substantive recommendation to create an exemption from COVID restrictions so that people escaping domestic abuse could stay temporarily with friends or family. It expresses a clear protective value but does not map to a specific JEE capacity.,AL,2026-07-27,complete,,2026-07-27T01:26:41.595538+00:00,2026-07-27T01:26:41.595538+00:00,f0d1dd0b5d41
phase1-285,2023-12-13,Preventing domestic abuse needs to be a government priority and not an afterthought.,"Above all, my Lady, in another pandemic, victims of domestic abuse should not be left without support, isolated, lonely, frightened and abused. And preventing that abuse needs to be a government priority and not an afterthought.",And preventing that abuse needs to be a government priority and not an afterthought.,True,[],recommendation,P4:0.3430; P3:0.3199; P5:0.3118,0.3430; 0.3199; 0.3118,"P4 (Antimicrobial resistance (AMR)) [0.3430]: Decisive and comprehensive action to prevent the emergence and spread of AMR, which poses a substantial and evolving threat to disease control and health securi || P3 (IHR coordination, National IHR Focal Point functions and advocacy) [0.3199]: A mechanism for multisectoral/multidisciplinary coordination, communication and partnerships to detect, assess and respond to any public health event or risk. A || P5 (Zoonotic disease) [0.3118]: Functional animal health, public health systems and environmental health work individually and collaboratively together through documented mechanisms of coordin",,,no_supported_mapping,,,,P4:unlikely_area_without_textual_inclusion_support; P3:no_inclusion_cue_overlap_and_moderate_or_low_similarity; P5:unlikely_area_without_textual_inclusion_support,Preventing domestic abuse needs to be a government priority and not an afterthought.,False,True,clear_values:0.2707; commitment_to_follow_through:0.2145; creative_alternatives:0.1642,0.2707; 0.2145; 0.1642,"clear_values (Clear values) [0.2707]: Stated preferences, priorities or trade-offs that identify what mattered in the choice. || commitment_to_follow_through (Commitment to follow through) [0.2145]: Evidence of intent or mechanism to implement or act on the chosen course. || creative_alternatives (Creative alternatives) [0.1642]: Evidence that more than one actionable option or course of action was generated or compared.",clear_values,,ambiguous,0.2707,,Preventing domestic abuse needs to be a government priority and not an afterthought.,priority,recommendation≠commitment rule applied where relevant,Weak textual gate / moderate similarity,All top-3 retrieved JEE candidates rejected by inclusion/exclusion rules.,journal_cache_decision_evidence_source_quote__framework_card_embeddings,True,recommendation,no_mapping,,,,high,The passage recommends prioritising protection and support for victims of domestic abuse during future pandemics but does not evidence a specific JEE preparedness or response capacity.,accept,clear_values,,"victims of domestic abuse should not be left without support, isolated, lonely, frightened and abused. And preventing that abuse needs to be a government priority and not an afterthought.",high,"The passage explicitly prioritises the safety and support of victims of domestic abuse, clearly identifying protection of a vulnerable group as a government value.",policy_content,"This traceable passage is a retrospective recommendation that preventing domestic abuse and supporting victims should be prioritised in future pandemics. It is not an enacted COVID-19 decision, but it contains a clear statement of policy values.",AL,2026-07-27,complete,,2026-07-27T01:29:00.675600+00:00,2026-07-27T01:29:00.675600+00:00,f0d1dd0b5d41
phase1-362,2023-12-14,The government has published an ambitious UK Government Resilience Framework.,"This framework sets out how the government will strengthen the systems, structures and capabilities which underpin the UK resilience to all risks and hazards, including those which are yet to emerge.","the government has published an ambitious UK Government Resilience Framework which sets out how the government will strengthen the systems, structures and capabilities which underpin the UK resilience to all risks and hazards, including those which are yet to emerge.",True,[],enacted_or_authorised_decision,P4:0.3748; R2:0.3645; R1:0.3615,0.3748; 0.3645; 0.3615,"P4 (Antimicrobial resistance (AMR)) [0.3748]: Decisive and comprehensive action to prevent the emergence and spread of AMR, which poses a substantial and evolving threat to disease control and health securi || R2 (Linking public health and security authorities) [0.3645]: Development and implementation of a MoU or other similar framework outlining roles, responsibilities and best practices for sharing relevant information between || R1 (Health emergency management) [0.3615]: Multisectoral actors at national intermediate and primary public health response levels are well coordinated and have a common understanding of the priority ris",,,no_supported_mapping,,,,P4:unlikely_area_without_textual_inclusion_support; R2:retrieval_neighbour_without_inclusion_support; R1:retrieval_neighbour_without_inclusion_support,The government has published an ambitious UK Government Resilience Framework.,False,True,commitment_to_follow_through:0.2157; useful_information:0.2155; helpful_frame:0.2102,0.2157; 0.2155; 0.2102,"commitment_to_follow_through (Commitment to follow through) [0.2157]: Evidence of intent or mechanism to implement or act on the chosen course. || useful_information (Useful information) [0.2155]: Relevant facts, data, modelling, advice or uncertainty characterisation used in the passage. || helpful_frame (Helpful frame) [0.2102]: Clarifying what is being decided and what is not, including purpose, scope and perspective (Decision Education Foundation).",commitment_to_follow_through,helpful_frame,ambiguous,0.2157,0.2102,The government has published an ambitious UK Government Resilience Framework.,published,recommendation≠commitment rule applied where relevant,Weak textual gate / moderate similarity,All top-3 retrieved JEE candidates rejected by inclusion/exclusion rules.,journal_cache_decision_evidence_source_quote__framework_card_embeddings,True,implementation_statement,no_mapping,,,,high,The passage describes a broad all-risks government resilience framework but does not provide sufficiently specific public-health or IHR capacity content to support a JEE technical-area mapping.,replace,helpful_frame,commitment_to_follow_through,"the government has published an ambitious UK Government Resilience Framework which sets out how the government will strengthen the systems, structures and capabilities which underpin the UK resilience to all risks and hazards, including those which are yet to emerge.",medium,"The framework states its broad scope and objective of strengthening the systems, structures and capabilities supporting UK resilience. Its publication also provides some evidence of a formal mechanism for pursuing that objective.",policy_content,"This traceable passage reports the publication of a broad government resilience framework and explains its intended scope. It is substantive policy content and provides framing and limited implementation commitment, but it does not record the original decision to adopt the framework or support a specific JEE technical-area mapping.",AL,2026-07-27,complete,,2026-07-27T01:33:22.953085+00:00,2026-07-27T01:33:22.953085+00:00,f0d1dd0b5d41
phase1-405,2024-05-23,A National Situation Centre has been created as a permanent structure.,The National Situation Centre is now a permanent thing created to address challenges.,"So a National Situation Centre which is now a permanent thing, it's there along with our joint data analysis.",True,[],other_candidate,D1:0.3548; P3:0.3531; D2:0.3277,0.3548; 0.3531; 0.3277,"D1 (National laboratory system) [0.3548]: Effective use of a nationwide laboratory system, including all relevant sectors, capable of safely and accurately detecting and characterizing pathogens causing || P3 (IHR coordination, National IHR Focal Point functions and advocacy) [0.3531]: A mechanism for multisectoral/multidisciplinary coordination, communication and partnerships to detect, assess and respond to any public health event or risk. A || D2 (Surveillance) [0.3277]: (1) A functioning public health surveillance system capable of identifying potential events of concern for public health and health security. Enhanced national ",P3,D2,ambiguous_substantive,0.3531,0.3277,inclusion cue token overlap: ['centre'],D1:retrieval_neighbour_without_inclusion_support,A National Situation Centre has been created as a permanent structure.,True,False,useful_information:0.2215; commitment_to_follow_through:0.2069; helpful_frame:0.1754,0.2215; 0.2069; 0.1754,"useful_information (Useful information) [0.2215]: Relevant facts, data, modelling, advice or uncertainty characterisation used in the passage. || commitment_to_follow_through (Commitment to follow through) [0.2069]: Evidence of intent or mechanism to implement or act on the chosen course. || helpful_frame (Helpful frame) [0.1754]: Clarifying what is being decided and what is not, including purpose, scope and perspective (Decision Education Foundation).",useful_information,,ambiguous,0.2215,,A National Situation Centre has been created as a permanent structure.,data,recommendation≠commitment rule applied where relevant,Weak textual gate / moderate similarity,Low margin / weak cue overlap,journal_cache_decision_evidence_source_quote__framework_card_embeddings,True,implementation_statement,insufficient_evidence,,,,high,"The passage confirms that the National Situation Centre is permanent but does not describe its public-health, IHR or multisectoral coordination functions sufficiently to assign P3.",replace,commitment_to_follow_through,,a National Situation Centre which is now a permanent thing,high,"The passage confirms that the National Situation Centre was created and made permanent, providing direct evidence that the organisational change was implemented.",policy_content,"This traceable passage records the existence of a permanent National Situation Centre alongside joint data analysis. It demonstrates implementation of a durable organisational structure, but its specific public-health or IHR coordination role is not described sufficiently for a P3 mapping.",AL,2026-07-27,complete,,2026-07-27T01:37:50.294404+00:00,2026-07-27T01:37:50.294404+00:00,f0d1dd0b5d41
phase1-090,2023-12-01,Further work and reports were commissioned through Kemi Badenoch.,The witness contributed to the decision that further work and the reports be ultimately commissioned through Kemi Badenoch.,Did you also contribute to the decision that further work and the reports be ultimately commissioned through Kemi Badenoch?,True,[],other_candidate,P3:0.2604; R2:0.2298; D2:0.2293,0.2604; 0.2298; 0.2293,"P3 (IHR coordination, National IHR Focal Point functions and advocacy) [0.2604]: A mechanism for multisectoral/multidisciplinary coordination, communication and partnerships to detect, assess and respond to any public health event or risk. A || R2 (Linking public health and security authorities) [0.2298]: Development and implementation of a MoU or other similar framework outlining roles, responsibilities and best practices for sharing relevant information between || D2 (Surveillance) [0.2293]: (1) A functioning public health surveillance system capable of identifying potential events of concern for public health and health security. Enhanced national ",,,no_supported_mapping,,,,P3:no_inclusion_cue_overlap_and_moderate_or_low_similarity; R2:no_inclusion_cue_overlap_and_moderate_or_low_similarity; D2:no_inclusion_cue_overlap_and_moderate_or_low_similarity,Further work and reports were commissioned through Kemi Badenoch.,False,True,commitment_to_follow_through:0.3377; useful_information:0.3138; sound_reasoning:0.2904,0.3377; 0.3138; 0.2904,"commitment_to_follow_through (Commitment to follow through) [0.3377]: Evidence of intent or mechanism to implement or act on the chosen course. || useful_information (Useful information) [0.3138]: Relevant facts, data, modelling, advice or uncertainty characterisation used in the passage. || sound_reasoning (Sound reasoning) [0.2904]: Linking alternatives, information and values to justify why a course was preferred.",,,insufficient_evidence,,,,,top retrieved DQ cards lacked explicit process evidence in text,Sparse DQ is acceptable; non-observation ≠ absence.,All top-3 retrieved JEE candidates rejected by inclusion/exclusion rules.,journal_cache_decision_evidence_source_quote__framework_card_embeddings,True,insufficient_evidence,insufficient_evidence,,,,high,"The passage does not explain the subject, purpose or public-health function of the further work and reports, so there is insufficient evidence to determine whether a JEE capacity is involved.",insufficient_evidence,,,,high,"The excerpt is an inquiry question and does not provide observable evidence of information use, reasoning, values, alternatives or implementation commitment.",policy_content,"This traceable excerpt asks whether the witness contributed to a decision to commission further work and reports, but it does not contain the answer or explain what the work concerned. The candidate decision is therefore too weakly supported for a JEE or Decision Quality mapping.",AL,2026-07-27,complete,,2026-07-27T01:39:51.382699+00:00,2026-07-27T01:39:51.382699+00:00,f0d1dd0b5d41
phase1-295,2023-12-13,The LGA urges the adoption of many more technical recommendations made in Mr Lloyd's witness statement.,"My Lady, many more technical recommendations have been made in Mr Lloyd's witness statement, which I shall not repeat but urge you to adopt.","My Lady, many more technical recommendations have been made in Mr Lloyd's witness statement, which I shall not repeat but urge you to adopt.",True,[],other_candidate,P1:0.2463; P4:0.2177; R2:0.2154,0.2463; 0.2177; 0.2154,"P1 (Legal instruments) [0.2463]: Legal instruments are in place in all relevant sectors to support IHR implementation including core capacity development and maintenance. || P4 (Antimicrobial resistance (AMR)) [0.2177]: Decisive and comprehensive action to prevent the emergence and spread of AMR, which poses a substantial and evolving threat to disease control and health securi || R2 (Linking public health and security authorities) [0.2154]: Development and implementation of a MoU or other similar framework outlining roles, responsibilities and best practices for sharing relevant information between",,,no_supported_mapping,,,,P1:no_inclusion_cue_overlap_and_moderate_or_low_similarity; P4:unlikely_area_without_textual_inclusion_support; R2:no_inclusion_cue_overlap_and_moderate_or_low_similarity,The LGA urges the adoption of many more technical recommendations made in Mr Lloyd's witness statement.,False,True,commitment_to_follow_through:0.2792; useful_information:0.2642; clear_values:0.2456,0.2792; 0.2642; 0.2456,"commitment_to_follow_through (Commitment to follow through) [0.2792]: Evidence of intent or mechanism to implement or act on the chosen course. || useful_information (Useful information) [0.2642]: Relevant facts, data, modelling, advice or uncertainty characterisation used in the passage. || clear_values (Clear values) [0.2456]: Stated preferences, priorities or trade-offs that identify what mattered in the choice.",,,insufficient_evidence,,,,,top retrieved DQ cards lacked explicit process evidence in text,Sparse DQ is acceptable; non-observation ≠ absence.,All top-3 retrieved JEE candidates rejected by inclusion/exclusion rules.,journal_cache_decision_evidence_source_quote__framework_card_embeddings,True,recommendation,insufficient_evidence,,,,high,"The passage refers to technical recommendations in another witness statement but does not describe their content, so there is insufficient evidence to assign a JEE technical area.",insufficient_evidence,,,,high,"The passage urges adoption of unspecified recommendations but provides no observable evidence of their framing, supporting information, alternatives, values, reasoning or implementation mechanism.",policy_content,"This traceable passage urges the Inquiry to adopt unspecified technical recommendations contained in Mr Lloyd's witness statement. Because those recommendations are not stated in the entry, there is insufficient evidence for either a JEE or Decision Quality mapping.",AL,2026-07-27,complete,,2026-07-27T01:41:25.715646+00:00,2026-07-27T01:41:25.715646+00:00,f0d1dd0b5d41
phase1-316,2023-12-14,The time for denial is over and this Inquiry should say so when spelling out what went wrong and why.,"We say, my Lady, and we say it respectfully, the time for denial is over and this Inquiry should say so when spelling out what went wrong and why.","We say, my Lady, and we say it respectfully, the time for denial is over and this Inquiry should say so when spelling out what went wrong and why.",True,[],recommendation,RE:0.1962; P3:0.1664; R5:0.1645,0.1962; 0.1664; 0.1645,"RE (Radiation emergencies) [0.1962]: Timely detection and effective response to potential radiological emergencies and nuclear accidents in a cross-sectoral coordinated manner. || P3 (IHR coordination, National IHR Focal Point functions and advocacy) [0.1664]: A mechanism for multisectoral/multidisciplinary coordination, communication and partnerships to detect, assess and respond to any public health event or risk. A || R5 (Risk communication and community engagement) [0.1645]: Responsible entities actively listen, respond to concerns of the public and effectively engage the public and communicate, through media, social media, mass awa",,,no_supported_mapping,,,,RE:unlikely_area_without_textual_inclusion_support; P3:no_inclusion_cue_overlap_and_moderate_or_low_similarity; R5:no_inclusion_cue_overlap_and_moderate_or_low_similarity,The time for denial is over and this Inquiry should say so when spelling out what went wrong and why.,False,True,sound_reasoning:0.2854; commitment_to_follow_through:0.2702; helpful_frame:0.2628,0.2854; 0.2702; 0.2628,"sound_reasoning (Sound reasoning) [0.2854]: Linking alternatives, information and values to justify why a course was preferred. || commitment_to_follow_through (Commitment to follow through) [0.2702]: Evidence of intent or mechanism to implement or act on the chosen course. || helpful_frame (Helpful frame) [0.2628]: Clarifying what is being decided and what is not, including purpose, scope and perspective (Decision Education Foundation).",,,insufficient_evidence,,,,,top retrieved DQ cards lacked explicit process evidence in text,Sparse DQ is acceptable; non-observation ≠ absence.,All top-3 retrieved JEE candidates rejected by inclusion/exclusion rules.,journal_cache_decision_evidence_source_quote__framework_card_embeddings,True,procedural_or_inquiry,procedural_or_inquiry,,,,high,The passage concerns what the Inquiry should state in its findings and does not evidence a public-health preparedness or response capacity.,procedural_or_inquiry,,,,high,The passage is an appeal concerning the Inquiry's conclusions rather than observable evidence from a substantive policy decision process.,inquiry_procedure,"This traceable passage urges the Inquiry to state clearly what went wrong and why. It is an evaluative appeal about the Inquiry's findings, not a substantive COVID policy decision or a recommendation for government action.",AL,2026-07-27,complete,,2026-07-27T05:37:00.953396+00:00,2026-07-27T05:37:00.953396+00:00,d5af39dd997f
phase1-082,2023-11-30,The hearing will resume at 10 o'clock tomorrow.,"The hearing adjourned until 10 am on Friday, 1 December 2023.","The hearing adjourned until 10 am on Friday, 1 December 2023",True,"[""procedural""]",other_candidate,P1:0.1554; P4:0.1477; P3:0.1450,0.1554; 0.1477; 0.1450,"P1 (Legal instruments) [0.1554]: Legal instruments are in place in all relevant sectors to support IHR implementation including core capacity development and maintenance. || P4 (Antimicrobial resistance (AMR)) [0.1477]: Decisive and comprehensive action to prevent the emergence and spread of AMR, which poses a substantial and evolving threat to disease control and health securi || P3 (IHR coordination, National IHR Focal Point functions and advocacy) [0.1450]: A mechanism for multisectoral/multidisciplinary coordination, communication and partnerships to detect, assess and respond to any public health event or risk. A",,,insufficient_evidence,,,,P1:no_inclusion_cue_overlap_and_moderate_or_low_similarity; P4:unlikely_area_without_textual_inclusion_support; P3:no_inclusion_cue_overlap_and_moderate_or_low_similarity,The hearing will resume at 10 o'clock tomorrow.,False,True,commitment_to_follow_through:0.1523; sound_reasoning:0.1445; helpful_frame:0.1328,0.1523; 0.1445; 0.1328,"commitment_to_follow_through (Commitment to follow through) [0.1523]: Evidence of intent or mechanism to implement or act on the chosen course. || sound_reasoning (Sound reasoning) [0.1445]: Linking alternatives, information and values to justify why a course was preferred. || helpful_frame (Helpful frame) [0.1328]: Clarifying what is being decided and what is not, including purpose, scope and perspective (Decision Education Foundation).",,,insufficient_evidence,,,,,top retrieved DQ cards lacked explicit process evidence in text,Sparse DQ is acceptable; non-observation ≠ absence.,All top-3 retrieved JEE candidates rejected by inclusion/exclusion rules.,journal_cache_decision_evidence_source_quote__framework_card_embeddings,True,procedural_or_inquiry,procedural_or_inquiry,,,,high,The passage concerns the scheduling and adjournment of the Inquiry hearing and does not evidence any public-health preparedness or response capacity.,procedural_or_inquiry,,,,high,The passage records an administrative hearing arrangement rather than a substantive policy decision-making process.,inquiry_procedure,This traceable entry records the adjournment of the Inquiry hearing until a specified date and time. It is entirely procedural and has no JEE or substantive Decision Quality mapping.,AL,2026-07-27,complete,,2026-07-27T05:43:29.557284+00:00,2026-07-27T05:43:29.557284+00:00,d5af39dd997f
phase1-112,2023-12-01,Boris Johnson will appear as the next witness.,"The next witness, so that people know if they wish to make any plans, will be Boris Johnson, the former Prime Minister. He will appear next Wednesday.","The next witness, so that people know if they wish to make any plans, will be Boris Johnson, the former Prime Minister. He will appear next Wednesday.",True,[],other_candidate,P3:0.2184; R2:0.2006; D2:0.1986,0.2184; 0.2006; 0.1986,"P3 (IHR coordination, National IHR Focal Point functions and advocacy) [0.2184]: A mechanism for multisectoral/multidisciplinary coordination, communication and partnerships to detect, assess and respond to any public health event or risk. A || R2 (Linking public health and security authorities) [0.2006]: Development and implementation of a MoU or other similar framework outlining roles, responsibilities and best practices for sharing relevant information between || D2 (Surveillance) [0.1986]: (1) A functioning public health surveillance system capable of identifying potential events of concern for public health and health security. Enhanced national ",,,no_supported_mapping,,,,P3:no_inclusion_cue_overlap_and_moderate_or_low_similarity; R2:no_inclusion_cue_overlap_and_moderate_or_low_similarity; D2:no_inclusion_cue_overlap_and_moderate_or_low_similarity,Boris Johnson will appear as the next witness.,False,True,commitment_to_follow_through:0.2131; useful_information:0.1926; clear_values:0.1477,0.2131; 0.1926; 0.1477,"commitment_to_follow_through (Commitment to follow through) [0.2131]: Evidence of intent or mechanism to implement or act on the chosen course. || useful_information (Useful information) [0.1926]: Relevant facts, data, modelling, advice or uncertainty characterisation used in the passage. || clear_values (Clear values) [0.1477]: Stated preferences, priorities or trade-offs that identify what mattered in the choice.",,,insufficient_evidence,,,,,top retrieved DQ cards lacked explicit process evidence in text,Sparse DQ is acceptable; non-observation ≠ absence.,All top-3 retrieved JEE candidates rejected by inclusion/exclusion rules.,journal_cache_decision_evidence_source_quote__framework_card_embeddings,True,procedural_or_inquiry,procedural_or_inquiry,,,,high,The passage concerns the scheduling of a witness appearance in the Inquiry and does not evidence any public-health preparedness or response capacity.,procedural_or_inquiry,,,,high,The passage records an administrative arrangement for the Inquiry rather than a substantive policy decision-making process.,inquiry_procedure,This traceable entry records the scheduling of the next Inquiry witness and the date of appearance. It is entirely procedural and has no JEE or substantive Decision Quality mapping.,AL,2026-07-27,complete,,2026-07-27T05:45:09.042926+00:00,2026-07-27T05:45:09.042926+00:00,d5af39dd997f
phase1-113,2023-12-01,The hearing will reconvene at 10 o'clock next Wednesday.,"So it will be 10 o'clock next Wednesday, please.","So it will be 10 o'clock next Wednesday, please.",True,"[""procedural""]",other_candidate,RE:0.1841; R1:0.1448; P3:0.1429,0.1841; 0.1448; 0.1429,"RE (Radiation emergencies) [0.1841]: Timely detection and effective response to potential radiological emergencies and nuclear accidents in a cross-sectoral coordinated manner. || R1 (Health emergency management) [0.1448]: Multisectoral actors at national intermediate and primary public health response levels are well coordinated and have a common understanding of the priority ris || P3 (IHR coordination, National IHR Focal Point functions and advocacy) [0.1429]: A mechanism for multisectoral/multidisciplinary coordination, communication and partnerships to detect, assess and respond to any public health event or risk. A",,,insufficient_evidence,,,,RE:unlikely_area_without_textual_inclusion_support; R1:no_inclusion_cue_overlap_and_moderate_or_low_similarity; P3:no_inclusion_cue_overlap_and_moderate_or_low_similarity,The hearing will reconvene at 10 o'clock next Wednesday.,False,True,sound_reasoning:0.1156; commitment_to_follow_through:0.1120; useful_information:0.0900,0.1156; 0.1120; 0.0900,"sound_reasoning (Sound reasoning) [0.1156]: Linking alternatives, information and values to justify why a course was preferred. || commitment_to_follow_through (Commitment to follow through) [0.1120]: Evidence of intent or mechanism to implement or act on the chosen course. || useful_information (Useful information) [0.0900]: Relevant facts, data, modelling, advice or uncertainty characterisation used in the passage.",,,insufficient_evidence,,,,,top retrieved DQ cards lacked explicit process evidence in text,Sparse DQ is acceptable; non-observation ≠ absence.,All top-3 retrieved JEE candidates rejected by inclusion/exclusion rules.,journal_cache_decision_evidence_source_quote__framework_card_embeddings,True,procedural_or_inquiry,procedural_or_inquiry,,,,high,The passage concerns when the Inquiry hearing will reconvene and does not evidence a public-health preparedness or response capacity.,procedural_or_inquiry,,,,high,The passage records an administrative scheduling arrangement for the Inquiry rather than a substantive policy decision process.,inquiry_procedure,This traceable entry records the date and time at which the Inquiry hearing will reconvene. It is entirely procedural and has no JEE or substantive Decision Quality mapping.,AL,2026-07-27,complete,,2026-07-27T05:46:19.966582+00:00,2026-07-27T05:46:19.966582+00:00,d5af39dd997f
phase1-114,2023-12-01,"The hearing is adjourned until 10 am on Wednesday, 6 December 2023.","The hearing adjourned until 10 am on Wednesday, 6 December 2023.","The hearing adjourned until 10 am on Wednesday, 6 December 2023.",True,"[""procedural""]",other_candidate,P1:0.1670; D2:0.1635; RE:0.1604,0.1670; 0.1635; 0.1604,P1 (Legal instruments) [0.1670]: Legal instruments are in place in all relevant sectors to support IHR implementation including core capacity development and maintenance. || D2 (Surveillance) [0.1635]: (1) A functioning public health surveillance system capable of identifying potential events of concern for public health and health security. Enhanced national  || RE (Radiation emergencies) [0.1604]: Timely detection and effective response to potential radiological emergencies and nuclear accidents in a cross-sectoral coordinated manner.,,,insufficient_evidence,,,,P1:no_inclusion_cue_overlap_and_moderate_or_low_similarity; D2:no_inclusion_cue_overlap_and_moderate_or_low_similarity; RE:unlikely_area_without_textual_inclusion_support,"The hearing is adjourned until 10 am on Wednesday, 6 December 2023.",False,True,sound_reasoning:0.1853; commitment_to_follow_through:0.1799; useful_information:0.1719,0.1853; 0.1799; 0.1719,"sound_reasoning (Sound reasoning) [0.1853]: Linking alternatives, information and values to justify why a course was preferred. || commitment_to_follow_through (Commitment to follow through) [0.1799]: Evidence of intent or mechanism to implement or act on the chosen course. || useful_information (Useful information) [0.1719]: Relevant facts, data, modelling, advice or uncertainty characterisation used in the passage.",,,insufficient_evidence,,,,,top retrieved DQ cards lacked explicit process evidence in text,Sparse DQ is acceptable; non-observation ≠ absence.,All top-3 retrieved JEE candidates rejected by inclusion/exclusion rules.,journal_cache_decision_evidence_source_quote__framework_card_embeddings,True,procedural_or_inquiry,procedural_or_inquiry,,,,high,The passage concerns the adjournment and scheduling of the Inquiry hearing and does not evidence a public-health preparedness or response capacity.,procedural_or_inquiry,,,,high,The passage records an administrative hearing arrangement rather than a substantive policy decision-making process.,inquiry_procedure,This traceable entry records the adjournment of the Inquiry hearing until a specified date and time. It is entirely procedural and has no JEE or substantive Decision Quality mapping.,AL,2026-07-27,complete,,2026-07-27T05:47:44.157653+00:00,2026-07-27T05:47:44.157653+00:00,d5af39dd997f
phase1-117,2023-12-07,The overriding message should be about tougher enforcement and bigger fines.,"You declared in a handwritten message, a handwritten note on a box note given to you on 13 August: 'I agree with the openings but the OVERRIDING MESSAGE ... should be about tougher enforcement and BIGGER FINES.'","You declared in a handwritten message, a handwritten note on a box note given to you on 13 August: 'I agree with the openings but the OVERRIDING MESSAGE ... should be about tougher enforcement and BIGGER FINES.'",False,[],recommendation,P4:0.2639; R5:0.2443; PoE:0.2348,0.2639; 0.2443; 0.2348,"P4 (Antimicrobial resistance (AMR)) [0.2639]: Decisive and comprehensive action to prevent the emergence and spread of AMR, which poses a substantial and evolving threat to disease control and health securi || R5 (Risk communication and community engagement) [0.2443]: Responsible entities actively listen, respond to concerns of the public and effectively engage the public and communicate, through media, social media, mass awa || PoE (Points of entry and border health) [0.2348]: Timely detection of and effective response to any potential hazards that occur at PoEs.",,,no_supported_mapping,,,,P4:unlikely_area_without_textual_inclusion_support; R5:no_inclusion_cue_overlap_and_moderate_or_low_similarity; PoE:no_inclusion_cue_overlap_and_moderate_or_low_similarity,The overriding message should be about tougher enforcement and bigger fines.,False,True,clear_values:0.2715; commitment_to_follow_through:0.2714; helpful_frame:0.2376,0.2715; 0.2714; 0.2376,"clear_values (Clear values) [0.2715]: Stated preferences, priorities or trade-offs that identify what mattered in the choice. || commitment_to_follow_through (Commitment to follow through) [0.2714]: Evidence of intent or mechanism to implement or act on the chosen course. || helpful_frame (Helpful frame) [0.2376]: Clarifying what is being decided and what is not, including purpose, scope and perspective (Decision Education Foundation).",,,insufficient_evidence,,,,,top retrieved DQ cards lacked explicit process evidence in text,Sparse DQ is acceptable; non-observation ≠ absence.,All top-3 retrieved JEE candidates rejected by inclusion/exclusion rules.,journal_cache_decision_evidence_source_quote__framework_card_embeddings,True,recommendation,replace,R5,,the OVERRIDING MESSAGE ... should be about tougher enforcement and BIGGER FINES,medium,"The passage recommends the principal public message accompanying the reopening measures, with emphasis on enforcement and penalties. This supports risk communication, although the intended public audience is implied rather than explicitly stated.",replace,clear_values,,I agree with the openings but the OVERRIDING MESSAGE ... should be about tougher enforcement and BIGGER FINES.,high,"The passage explicitly prioritises enforcement and larger penalties as the dominant message while accepting the reopening measures, showing what mattered in the recommended communication approach.",policy_content,"This passage records a recommendation that enforcement and larger fines should dominate the messaging accompanying reopening measures. It is substantive COVID-policy content, supports R5 risk communication and clearly expresses a policy priority. The automated traceability check failed, but the displayed evidence directly supports the recommendation.",AL,2026-07-27,complete,,2026-07-27T05:50:19.847884+00:00,2026-07-27T05:50:19.847884+00:00,d5af39dd997f
phase1-310,2023-12-13,"The NPCC issued key guidance in March 2020, known as the four Es approach: engage, explain, encourage, enforce.","The key guidance, as you will recall, was issued by the NPCC and the college in March 2020, and it was the four Es approach: engage, explain, encourage, enforce.","The key guidance, as you will recall, was issued by the NPCC and the college in March 2020, and it was the four Es approach: engage, explain, encourage, enforce.",True,[],other_candidate,R5:0.4545; R1:0.4426; CE:0.4370,0.4545; 0.4426; 0.4370,"R5 (Risk communication and community engagement) [0.4545]: Responsible entities actively listen, respond to concerns of the public and effectively engage the public and communicate, through media, social media, mass awa || R1 (Health emergency management) [0.4426]: Multisectoral actors at national intermediate and primary public health response levels are well coordinated and have a common understanding of the priority ris || CE (Chemical events) [0.4370]: Timely detection of and effective response to potential chemical risks and/or events in collaboration with other sectors responsible for chemical safety, indust",,,no_supported_mapping,,,,R5:retrieval_neighbour_without_inclusion_support; R1:retrieval_neighbour_without_inclusion_support; CE:unlikely_area_without_textual_inclusion_support,"The NPCC issued key guidance in March 2020, known as the four Es approach: engage, explain, encourage, enforce.",False,True,commitment_to_follow_through:0.3054; useful_information:0.2912; helpful_frame:0.2672,0.3054; 0.2912; 0.2672,"commitment_to_follow_through (Commitment to follow through) [0.3054]: Evidence of intent or mechanism to implement or act on the chosen course. || useful_information (Useful information) [0.2912]: Relevant facts, data, modelling, advice or uncertainty characterisation used in the passage. || helpful_frame (Helpful frame) [0.2672]: Clarifying what is being decided and what is not, including purpose, scope and perspective (Decision Education Foundation).",,,insufficient_evidence,,,,,top retrieved DQ cards lacked explicit process evidence in text,Sparse DQ is acceptable; non-observation ≠ absence.,All top-3 retrieved JEE candidates rejected by inclusion/exclusion rules.,journal_cache_decision_evidence_source_quote__framework_card_embeddings,True,implementation_statement,replace,R5,,"the four Es approach: engage, explain, encourage, enforce",high,"The guidance established an approach for police engagement and communication with the public during the COVID-19 response, progressing from engagement and explanation to encouragement and enforcement.",replace,commitment_to_follow_through,,"The key guidance, as you will recall, was issued by the NPCC and the college in March 2020",high,"The passage confirms that the four Es approach was formally issued as operational guidance in March 2020, providing direct evidence that the chosen enforcement approach was put into effect.",policy_content,"This traceable passage records the formal issue of NPCC and College guidance establishing the four Es approach—engage, explain, encourage and enforce—in March 2020. It supports R5 through an engagement-led public-facing approach and demonstrates commitment to follow through through the issuance of operational guidance.",AL,2026-07-27,complete,,2026-07-27T05:53:07.638286+00:00,2026-07-27T05:53:07.638286+00:00,d5af39dd997f
phase1-311,2023-12-13,Enforcement was established as the last resort after the first three Es had been undertaken.,"That approach, I would suggest, was inherently flexible and the message was simple: enforcement was the last resort after the first three Es had been undertaken.","That approach, I would suggest, was inherently flexible and the message was simple: enforcement was the last resort after the first three Es had been undertaken.",True,[],other_candidate,R3:0.3420; P1:0.3353; R5:0.3326,0.3420; 0.3353; 0.3326,"R3 (Health services provision) [0.3420]: Resilient health systems that are capable of delivering emergency related clinical care, and optimal utilization of health services while ensuring continuity of || P1 (Legal instruments) [0.3353]: Legal instruments are in place in all relevant sectors to support IHR implementation including core capacity development and maintenance. || R5 (Risk communication and community engagement) [0.3326]: Responsible entities actively listen, respond to concerns of the public and effectively engage the public and communicate, through media, social media, mass awa",,,no_supported_mapping,,,,R3:no_inclusion_cue_overlap_and_moderate_or_low_similarity; P1:no_inclusion_cue_overlap_and_moderate_or_low_similarity; R5:no_inclusion_cue_overlap_and_moderate_or_low_similarity,Enforcement was established as the last resort after the first three Es had been undertaken.,False,True,commitment_to_follow_through:0.3050; clear_values:0.2775; sound_reasoning:0.2608,0.3050; 0.2775; 0.2608,"commitment_to_follow_through (Commitment to follow through) [0.3050]: Evidence of intent or mechanism to implement or act on the chosen course. || clear_values (Clear values) [0.2775]: Stated preferences, priorities or trade-offs that identify what mattered in the choice. || sound_reasoning (Sound reasoning) [0.2608]: Linking alternatives, information and values to justify why a course was preferred.",,,insufficient_evidence,,,,,top retrieved DQ cards lacked explicit process evidence in text,Sparse DQ is acceptable; non-observation ≠ absence.,All top-3 retrieved JEE candidates rejected by inclusion/exclusion rules.,journal_cache_decision_evidence_source_quote__framework_card_embeddings,True,retrospective_judgement,no_mapping,,,,high,"The passage clearly evaluates enforcement as a last resort within the four-Es policing approach, but this excerpt does not identify the preceding Es or otherwise evidence a specific JEE risk-communication or community-engagement capacity.",replace,clear_values,,enforcement was the last resort after the first three Es had been undertaken,medium,"The passage establishes a clear preference for less coercive engagement measures before enforcement, making enforcement the final option.",policy_content,"This traceable passage retrospectively evaluates enforcement as a last resort after the first three Es. It expresses a clear preference for less coercive measures before enforcement, but the excerpt alone does not support a specific JEE capacity.",AL,2026-07-27,complete,,2026-07-27T05:56:23.155870+00:00,2026-07-27T05:56:23.155870+00:00,d5af39dd997f
phase1-312,2023-12-13,"The objective of the police response was compliance, not enforcement.","As Martin Hewitt explained to you, compliance, not enforcement, was the object of the exercise and, I would suggest, the proper metric of success.","As Martin Hewitt explained to you, compliance, not enforcement, was the object of the exercise and, I would suggest, the proper metric of success.",True,[],other_candidate,R5:0.3353; R1:0.3208; P1:0.3147,0.3353; 0.3208; 0.3147,"R5 (Risk communication and community engagement) [0.3353]: Responsible entities actively listen, respond to concerns of the public and effectively engage the public and communicate, through media, social media, mass awa || R1 (Health emergency management) [0.3208]: Multisectoral actors at national intermediate and primary public health response levels are well coordinated and have a common understanding of the priority ris || P1 (Legal instruments) [0.3147]: Legal instruments are in place in all relevant sectors to support IHR implementation including core capacity development and maintenance.",,,no_supported_mapping,,,,R5:no_inclusion_cue_overlap_and_moderate_or_low_similarity; R1:no_inclusion_cue_overlap_and_moderate_or_low_similarity; P1:no_inclusion_cue_overlap_and_moderate_or_low_similarity,"The objective of the police response was compliance, not enforcement.",False,True,commitment_to_follow_through:0.3215; clear_values:0.2953; helpful_frame:0.2776,0.3215; 0.2953; 0.2776,"commitment_to_follow_through (Commitment to follow through) [0.3215]: Evidence of intent or mechanism to implement or act on the chosen course. || clear_values (Clear values) [0.2953]: Stated preferences, priorities or trade-offs that identify what mattered in the choice. || helpful_frame (Helpful frame) [0.2776]: Clarifying what is being decided and what is not, including purpose, scope and perspective (Decision Education Foundation).",helpful_frame,,ambiguous,0.2776,,"The objective of the police response was compliance, not enforcement.",objective,recommendation≠commitment rule applied where relevant,Weak textual gate / moderate similarity,All top-3 retrieved JEE candidates rejected by inclusion/exclusion rules.,journal_cache_decision_evidence_source_quote__framework_card_embeddings,True,retrospective_judgement,no_mapping,,,,high,"The passage clearly evaluates compliance rather than enforcement as the objective and preferred success metric, but it does not evidence a specific JEE risk-communication or community-engagement capacity.",accept,helpful_frame,clear_values,"As Martin Hewitt explained to you, compliance, not enforcement, was the object of the exercise and, I would suggest, the proper metric of success.",high,The passage clearly defines the objective of the police response as compliance rather than enforcement and identifies compliance as the preferred measure of success.,policy_content,"This traceable passage retrospectively evaluates compliance rather than enforcement as the objective and proper measure of success. It provides observable framing and a clear policy priority, but it does not establish a specific JEE risk-communication or community-engagement capacity.",AL,2026-07-27,complete,,2026-07-27T05:58:52.573994+00:00,2026-07-27T05:58:52.573994+00:00,d5af39dd997f
phase1-185,2023-12-11,Proposals for the regulations were drafted and sent out for consultation.,the proposals were drafted and then went out for consultation.,the proposals were drafted and then went out for consultation,True,[],other_candidate,R5:0.2038; P1:0.1958; R2:0.1869,0.2038; 0.1958; 0.1869,"R5 (Risk communication and community engagement) [0.2038]: Responsible entities actively listen, respond to concerns of the public and effectively engage the public and communicate, through media, social media, mass awa || P1 (Legal instruments) [0.1958]: Legal instruments are in place in all relevant sectors to support IHR implementation including core capacity development and maintenance. || R2 (Linking public health and security authorities) [0.1869]: Development and implementation of a MoU or other similar framework outlining roles, responsibilities and best practices for sharing relevant information between",P1,,ambiguous_substantive,0.1958,,inclusion cue token overlap: ['regulations'],R5:no_inclusion_cue_overlap_and_moderate_or_low_similarity; R2:no_inclusion_cue_overlap_and_moderate_or_low_similarity,Proposals for the regulations were drafted and sent out for consultation.,True,False,creative_alternatives:0.2172; helpful_frame:0.2039; useful_information:0.2039,0.2172; 0.2039; 0.2039,"creative_alternatives (Creative alternatives) [0.2172]: Evidence that more than one actionable option or course of action was generated or compared. || helpful_frame (Helpful frame) [0.2039]: Clarifying what is being decided and what is not, including purpose, scope and perspective (Decision Education Foundation). || useful_information (Useful information) [0.2039]: Relevant facts, data, modelling, advice or uncertainty characterisation used in the passage.",,,insufficient_evidence,,,,,top retrieved DQ cards lacked explicit process evidence in text,Sparse DQ is acceptable; non-observation ≠ absence.,Low margin / weak cue overlap,journal_cache_decision_evidence_source_quote__framework_card_embeddings,True,implementation_statement,insufficient_evidence,,,,high,"The passage mentions draft regulations but does not identify their subject, purpose or relationship to public-health emergency capacity, so there is insufficient evidence to assign a JEE technical area.",insufficient_evidence,,,,high,"The passage records drafting and consultation activity but provides no observable evidence of framing, information use, alternatives, values, reasoning or commitment to a final course of action.",policy_content,"This traceable entry records a stage in the development of proposed regulations: drafting followed by consultation. The subject and purpose of the regulations are not stated, so the passage is insufficient for JEE or Decision Quality mapping.",AL,2026-07-27,complete,,2026-07-27T06:02:15.012361+00:00,2026-07-27T06:02:15.012361+00:00,d5af39dd997f
phase1-407,2024-05-23,There is a gold SRO in overall co-ordination of the ten SROs.,proposed that there is a gold SRO in overall co-ordination of the ten SROs.,you proposed that there is a gold SRO in overall co-ordination of the ten SROs.,True,[],proposed_decision,P3:0.3203; R2:0.3105; R1:0.2772,0.3203; 0.3105; 0.2772,"P3 (IHR coordination, National IHR Focal Point functions and advocacy) [0.3203]: A mechanism for multisectoral/multidisciplinary coordination, communication and partnerships to detect, assess and respond to any public health event or risk. A || R2 (Linking public health and security authorities) [0.3105]: Development and implementation of a MoU or other similar framework outlining roles, responsibilities and best practices for sharing relevant information between || R1 (Health emergency management) [0.2772]: Multisectoral actors at national intermediate and primary public health response levels are well coordinated and have a common understanding of the priority ris",,,insufficient_evidence,,,,P3:no_inclusion_cue_overlap_and_moderate_or_low_similarity; R2:no_inclusion_cue_overlap_and_moderate_or_low_similarity; R1:no_inclusion_cue_overlap_and_moderate_or_low_similarity,There is a gold SRO in overall co-ordination of the ten SROs.,False,True,sound_reasoning:0.1630; commitment_to_follow_through:0.1627; creative_alternatives:0.1540,0.1630; 0.1627; 0.1540,"sound_reasoning (Sound reasoning) [0.1630]: Linking alternatives, information and values to justify why a course was preferred. || commitment_to_follow_through (Commitment to follow through) [0.1627]: Evidence of intent or mechanism to implement or act on the chosen course. || creative_alternatives (Creative alternatives) [0.1540]: Evidence that more than one actionable option or course of action was generated or compared.",,,insufficient_evidence,,,,,top retrieved DQ cards lacked explicit process evidence in text,Sparse DQ is acceptable; non-observation ≠ absence.,All top-3 retrieved JEE candidates rejected by inclusion/exclusion rules.,journal_cache_decision_evidence_source_quote__framework_card_embeddings,True,proposed_decision,insufficient_evidence,,,,high,"The passage proposes a senior coordination structure but does not identify the policy area, emergency function or public-health capacity being coordinated, so there is insufficient evidence for a JEE mapping.",replace,helpful_frame,,a gold SRO in overall co-ordination of the ten SROs,medium,The proposal defines a specific governance arrangement and clarifies the intended coordinating role of the gold SRO over the ten SROs.,policy_content,"This traceable entry records a concrete proposal for a gold SRO to coordinate ten other SROs. It provides some framing of the proposed governance structure, but the excerpt lacks enough contextual detail to assign a JEE technical area.",AL,2026-07-27,complete,,2026-07-27T06:04:41.104836+00:00,2026-07-27T06:04:41.104836+00:00,d5af39dd997f
phase1-059,2023-11-30,We need to ramp up testing not stop testing.,We also need urgently to address the WHO criticisms of our approach.,"""We also need urgently to address the WHO criticisms of our approach.""",True,[],other_candidate,P4:0.3790; D1:0.3625; R1:0.3324,0.3790; 0.3625; 0.3324,"P4 (Antimicrobial resistance (AMR)) [0.3790]: Decisive and comprehensive action to prevent the emergence and spread of AMR, which poses a substantial and evolving threat to disease control and health securi || D1 (National laboratory system) [0.3625]: Effective use of a nationwide laboratory system, including all relevant sectors, capable of safely and accurately detecting and characterizing pathogens causing || R1 (Health emergency management) [0.3324]: Multisectoral actors at national intermediate and primary public health response levels are well coordinated and have a common understanding of the priority ris",D1,,ambiguous_substantive,0.3625,,inclusion cue token overlap: ['testing'],P4:unlikely_area_without_textual_inclusion_support; R1:no_inclusion_cue_overlap_and_moderate_or_low_similarity,We need to ramp up testing not stop testing.,True,False,useful_information:0.2510; clear_values:0.2301; commitment_to_follow_through:0.2080,0.2510; 0.2301; 0.2080,"useful_information (Useful information) [0.2510]: Relevant facts, data, modelling, advice or uncertainty characterisation used in the passage. || clear_values (Clear values) [0.2301]: Stated preferences, priorities or trade-offs that identify what mattered in the choice. || commitment_to_follow_through (Commitment to follow through) [0.2080]: Evidence of intent or mechanism to implement or act on the chosen course.",,,insufficient_evidence,,,,,top retrieved DQ cards lacked explicit process evidence in text,Sparse DQ is acceptable; non-observation ≠ absence.,Low margin / weak cue overlap,journal_cache_decision_evidence_source_quote__framework_card_embeddings,True,recommendation,insufficient_evidence,,,,high,The source excerpt refers generally to addressing WHO criticisms but does not state what those criticisms concerned. It therefore provides insufficient evidence to map the passage to D1 testing or any other JEE technical area.,insufficient_evidence,,,,high,"The passage expresses urgency but does not identify the content of the WHO criticisms or provide observable evidence of information use, alternatives, values, reasoning or implementation commitment.",policy_content,"The traceable source records a general recommendation to address WHO criticisms of the government’s approach. However, it does not mention increasing or continuing testing, so the generated candidate decision is not supported by the displayed original text and cannot be reliably mapped to JEE or Decision Quality.",AL,2026-07-27,complete,,2026-07-27T06:11:30.137191+00:00,2026-07-27T06:11:30.137191+00:00,5bf4ab0ff44f
phase1-169,2023-12-11,The approval process for PPE contracts was amended rapidly to ensure speed and efficiency.,"The approval process was amended at great speed, very rapidly.","The approval process was amended at great speed, very rapidly.",True,[],other_candidate,P4:0.2584; R1:0.2401; R2:0.2213,0.2584; 0.2401; 0.2213,"P4 (Antimicrobial resistance (AMR)) [0.2584]: Decisive and comprehensive action to prevent the emergence and spread of AMR, which poses a substantial and evolving threat to disease control and health securi || R1 (Health emergency management) [0.2401]: Multisectoral actors at national intermediate and primary public health response levels are well coordinated and have a common understanding of the priority ris || R2 (Linking public health and security authorities) [0.2213]: Development and implementation of a MoU or other similar framework outlining roles, responsibilities and best practices for sharing relevant information between",,,insufficient_evidence,,,,P4:unlikely_area_without_textual_inclusion_support; R1:no_inclusion_cue_overlap_and_moderate_or_low_similarity; R2:no_inclusion_cue_overlap_and_moderate_or_low_similarity,The approval process for PPE contracts was amended rapidly to ensure speed and efficiency.,False,True,commitment_to_follow_through:0.2187; clear_values:0.1821; creative_alternatives:0.1794,0.2187; 0.1821; 0.1794,"commitment_to_follow_through (Commitment to follow through) [0.2187]: Evidence of intent or mechanism to implement or act on the chosen course. || clear_values (Clear values) [0.1821]: Stated preferences, priorities or trade-offs that identify what mattered in the choice. || creative_alternatives (Creative alternatives) [0.1794]: Evidence that more than one actionable option or course of action was generated or compared.",,,insufficient_evidence,,,,,top retrieved DQ cards lacked explicit process evidence in text,Sparse DQ is acceptable; non-observation ≠ absence.,All top-3 retrieved JEE candidates rejected by inclusion/exclusion rules.,journal_cache_decision_evidence_source_quote__framework_card_embeddings,True,implementation_statement,insufficient_evidence,,,,high,"The source confirms that an approval process was amended rapidly but does not identify what the process covered or which public-health emergency capacity it supported, so a JEE mapping cannot be determined.",replace,commitment_to_follow_through,,"The approval process was amended at great speed, very rapidly.",high,"The passage confirms that the process change was actually implemented, providing direct evidence of follow-through.",policy_content,"The traceable source records the rapid implementation of a change to an approval process. However, it does not identify PPE contracts or explain the purpose of the amendment, so the generated candidate contains unsupported detail and no specific JEE mapping can be made.",AL,2026-07-27,complete,,2026-07-27T06:13:33.241515+00:00,2026-07-27T06:13:33.241515+00:00,5bf4ab0ff44f
phase1-033,2023-11-30,Legal draft legislation should be published and ready for future enactment.,We should already have published legal draft legislation -- published draft legislation that is ready in case it needs to be enacted.,We should already have published legal draft legislation -- published draft legislation that is ready in case it needs to be enacted.,True,[],enacted_or_authorised_decision,P1:0.3797; RE:0.2700; R1:0.2677,0.3797; 0.2700; 0.2677,P1 (Legal instruments) [0.3797]: Legal instruments are in place in all relevant sectors to support IHR implementation including core capacity development and maintenance. || RE (Radiation emergencies) [0.2700]: Timely detection and effective response to potential radiological emergencies and nuclear accidents in a cross-sectoral coordinated manner. || R1 (Health emergency management) [0.2677]: Multisectoral actors at national intermediate and primary public health response levels are well coordinated and have a common understanding of the priority ris,P1,,ambiguous_substantive,0.3797,,"inclusion cue token overlap: ['legal', 'legislation']",RE:unlikely_area_without_textual_inclusion_support; R1:no_inclusion_cue_overlap_and_moderate_or_low_similarity,Legal draft legislation should be published and ready for future enactment.,True,False,commitment_to_follow_through:0.3108; useful_information:0.2187; clear_values:0.2131,0.3108; 0.2187; 0.2131,"commitment_to_follow_through (Commitment to follow through) [0.3108]: Evidence of intent or mechanism to implement or act on the chosen course. || useful_information (Useful information) [0.2187]: Relevant facts, data, modelling, advice or uncertainty characterisation used in the passage. || clear_values (Clear values) [0.2131]: Stated preferences, priorities or trade-offs that identify what mattered in the choice.",commitment_to_follow_through,,ambiguous,0.3108,,Legal draft legislation should be published and ready for future enactment.,published,recommendation≠commitment rule applied where relevant,Weak textual gate / moderate similarity,Low margin / weak cue overlap,journal_cache_decision_evidence_source_quote__framework_card_embeddings,True,retrospective_judgement,accept_primary,P1,,We should already have published legal draft legislation -- published draft legislation that is ready in case it needs to be enacted.,high,"The passage concerns legal preparedness through maintaining published draft legislation that could be enacted when required during a future emergency, which directly supports P1 Legal instruments.",replace,helpful_frame,,published draft legislation that is ready in case it needs to be enacted,medium,The passage identifies a concrete preparedness arrangement and its purpose: keeping draft legislation ready for enactment if circumstances require it.,policy_content,"This traceable passage retrospectively judges that draft emergency legislation should already have been published and kept ready for enactment. It supports P1 Legal instruments and provides a clear preparedness frame, but it does not show that the action was authorised or implemented.",AL,2026-07-27,complete,,2026-07-27T06:16:18.046317+00:00,2026-07-27T06:16:18.046317+00:00,5bf4ab0ff44f
phase1-274,2023-12-13,Children's rights need to be placed on a statutory footing.,they need the enforceability of their rights to be placed on a statutory footing.,they need the enforceability of their rights to be placed on a statutory footing.,False,[],other_candidate,P1:0.3194; R3:0.2376; P2:0.2338,0.3194; 0.2376; 0.2338,"P1 (Legal instruments) [0.3194]: Legal instruments are in place in all relevant sectors to support IHR implementation including core capacity development and maintenance. || R3 (Health services provision) [0.2376]: Resilient health systems that are capable of delivering emergency related clinical care, and optimal utilization of health services while ensuring continuity of || P2 (Financing) [0.2338]: Financial resources are available in all relevant sectors and public financial management systems enable IHR implementation including core capacity development ",,,insufficient_evidence,,,,P1:no_inclusion_cue_overlap_and_moderate_or_low_similarity; R3:no_inclusion_cue_overlap_and_moderate_or_low_similarity; P2:no_inclusion_cue_overlap_and_moderate_or_low_similarity,Children's rights need to be placed on a statutory footing.,False,True,commitment_to_follow_through:0.2384; clear_values:0.2174; sound_reasoning:0.1765,0.2384; 0.2174; 0.1765,"commitment_to_follow_through (Commitment to follow through) [0.2384]: Evidence of intent or mechanism to implement or act on the chosen course. || clear_values (Clear values) [0.2174]: Stated preferences, priorities or trade-offs that identify what mattered in the choice. || sound_reasoning (Sound reasoning) [0.1765]: Linking alternatives, information and values to justify why a course was preferred.",,,insufficient_evidence,,,,,top retrieved DQ cards lacked explicit process evidence in text,Sparse DQ is acceptable; non-observation ≠ absence.,All top-3 retrieved JEE candidates rejected by inclusion/exclusion rules.,journal_cache_decision_evidence_source_quote__framework_card_embeddings,True,recommendation,no_mapping,,,,high,"The passage clearly recommends placing the enforceability of rights on a statutory footing, but it does not evidence a specific IHR or public-health emergency preparedness capacity.",replace,clear_values,,they need the enforceability of their rights to be placed on a statutory footing.,high,"The passage explicitly prioritises legal enforceability of the relevant group's rights, identifying the protective value behind the recommendation.",policy_content,"This passage recommends placing the enforceability of a group's rights on a statutory footing. It expresses a clear protective value but does not support a specific JEE technical-area mapping. The displayed excerpt does not identify the group as children, and traceability is false.",AL,2026-07-27,complete,,2026-07-27T06:18:59.375506+00:00,2026-07-27T06:18:59.375506+00:00,984c2bd198d8
phase1-042,2023-11-30,The MIG system was implemented to replace the previous decision-making process.,"The previous decision-making process was actively circumvented, and it was then replaced with the MIG system, which was better.","It was then replaced with the MIG system, which was better.",True,[],implementation_statement,P4:0.2166; D2:0.2124; D1:0.2009,0.2166; 0.2124; 0.2009,"P4 (Antimicrobial resistance (AMR)) [0.2166]: Decisive and comprehensive action to prevent the emergence and spread of AMR, which poses a substantial and evolving threat to disease control and health securi || D2 (Surveillance) [0.2124]: (1) A functioning public health surveillance system capable of identifying potential events of concern for public health and health security. Enhanced national  || D1 (National laboratory system) [0.2009]: Effective use of a nationwide laboratory system, including all relevant sectors, capable of safely and accurately detecting and characterizing pathogens causing",,,no_supported_mapping,,,,P4:unlikely_area_without_textual_inclusion_support; D2:no_inclusion_cue_overlap_and_moderate_or_low_similarity; D1:no_inclusion_cue_overlap_and_moderate_or_low_similarity,The MIG system was implemented to replace the previous decision-making process.,False,True,sound_reasoning:0.3260; creative_alternatives:0.3119; helpful_frame:0.2907,0.3260; 0.3119; 0.2907,"sound_reasoning (Sound reasoning) [0.3260]: Linking alternatives, information and values to justify why a course was preferred. || creative_alternatives (Creative alternatives) [0.3119]: Evidence that more than one actionable option or course of action was generated or compared. || helpful_frame (Helpful frame) [0.2907]: Clarifying what is being decided and what is not, including purpose, scope and perspective (Decision Education Foundation).",,,insufficient_evidence,,,,,top retrieved DQ cards lacked explicit process evidence in text,Sparse DQ is acceptable; non-observation ≠ absence.,All top-3 retrieved JEE candidates rejected by inclusion/exclusion rules.,journal_cache_decision_evidence_source_quote__framework_card_embeddings,True,implementation_statement,insufficient_evidence,,,,high,"The passage confirms that the previous decision-making process was replaced by the MIG system, but it does not explain the system’s functions or identify a specific public-health preparedness or response capacity, so a JEE mapping cannot be determined.",replace,commitment_to_follow_through,,"The previous decision-making process was actively circumvented, and it was then replaced with the MIG system, which was better.",high,"The passage confirms that the previous process was actually replaced with the MIG system, providing direct evidence that the organisational change was implemented.",policy_content,"This traceable passage records the implementation of a change to the COVID-era decision-making process, replacing the previous arrangement with the MIG system. It demonstrates follow-through, but the excerpt does not explain the MIG system sufficiently to support a specific JEE mapping.",AL,2026-07-27,complete,,2026-07-27T06:21:53.601029+00:00,2026-07-27T06:21:53.601029+00:00,984c2bd198d8
phase1-116,2023-12-07,"The top fine for non-compliance was set at £10,000.","Well, I remember the top whack fine was £10,000.","Well, I remember the top whack fine was £10,000.",True,[],other_candidate,R4:0.1071; CE:0.1033; P6:0.1020,0.1071; 0.1033; 0.1020,"R4 (Infection prevention and control) [0.1071]: Prevent HCAIs and emergence and spread of AMR. || CE (Chemical events) [0.1033]: Timely detection of and effective response to potential chemical risks and/or events in collaboration with other sectors responsible for chemical safety, indust || P6 (Food safety) [0.1020]: Timely detection and effective response of potential food-related events in collaboration with other sectors responsible for food safety.",,,insufficient_evidence,,,,R4:no_inclusion_cue_overlap_and_moderate_or_low_similarity; CE:unlikely_area_without_textual_inclusion_support; P6:unlikely_area_without_textual_inclusion_support,"The top fine for non-compliance was set at £10,000.",False,True,clear_values:0.1702; commitment_to_follow_through:0.1401; sound_reasoning:0.1280,0.1702; 0.1401; 0.1280,"clear_values (Clear values) [0.1702]: Stated preferences, priorities or trade-offs that identify what mattered in the choice. || commitment_to_follow_through (Commitment to follow through) [0.1401]: Evidence of intent or mechanism to implement or act on the chosen course. || sound_reasoning (Sound reasoning) [0.1280]: Linking alternatives, information and values to justify why a course was preferred.",,,insufficient_evidence,,,,,top retrieved DQ cards lacked explicit process evidence in text,Sparse DQ is acceptable; non-observation ≠ absence.,All top-3 retrieved JEE candidates rejected by inclusion/exclusion rules.,journal_cache_decision_evidence_source_quote__framework_card_embeddings,True,evidence_or_information_statement,no_mapping,,,,high,The passage clearly recalls the amount of a fine but does not evidence a specific public-health preparedness or response capacity covered by the JEE framework.,insufficient_evidence,,,,high,"The passage only recalls the amount of a fine and provides no observable evidence of framing, information use, alternatives, values, reasoning or implementation commitment.",policy_content,"This traceable passage records the speaker’s recollection that the maximum fine was £10,000. It is a factual policy-related statement rather than a decision, and it does not support a JEE or Decision Quality mapping.",AL,2026-07-27,complete,,2026-07-27T06:23:27.628563+00:00,2026-07-27T06:23:27.628563+00:00,984c2bd198d8
phase1-084,2023-12-01,Voices in the health and social care system were corralled to support public health actions.,I corralled the voices that I knew would support the -- what was needed in the public health interest.,I corralled the voices that I knew would support the -- what was needed in the public health interest.,True,[],other_candidate,R2:0.3371; P5:0.3341; P3:0.3278,0.3371; 0.3341; 0.3278,"R2 (Linking public health and security authorities) [0.3371]: Development and implementation of a MoU or other similar framework outlining roles, responsibilities and best practices for sharing relevant information between || P5 (Zoonotic disease) [0.3341]: Functional animal health, public health systems and environmental health work individually and collaboratively together through documented mechanisms of coordin || P3 (IHR coordination, National IHR Focal Point functions and advocacy) [0.3278]: A mechanism for multisectoral/multidisciplinary coordination, communication and partnerships to detect, assess and respond to any public health event or risk. A",,,no_supported_mapping,,,,R2:no_inclusion_cue_overlap_and_moderate_or_low_similarity; P5:unlikely_area_without_textual_inclusion_support; P3:no_inclusion_cue_overlap_and_moderate_or_low_similarity,Voices in the health and social care system were corralled to support public health actions.,False,True,clear_values:0.3018; sound_reasoning:0.2650; useful_information:0.2565,0.3018; 0.2650; 0.2565,"clear_values (Clear values) [0.3018]: Stated preferences, priorities or trade-offs that identify what mattered in the choice. || sound_reasoning (Sound reasoning) [0.2650]: Linking alternatives, information and values to justify why a course was preferred. || useful_information (Useful information) [0.2565]: Relevant facts, data, modelling, advice or uncertainty characterisation used in the passage.",,,insufficient_evidence,,,,,top retrieved DQ cards lacked explicit process evidence in text,Sparse DQ is acceptable; non-observation ≠ absence.,All top-3 retrieved JEE candidates rejected by inclusion/exclusion rules.,journal_cache_decision_evidence_source_quote__framework_card_embeddings,True,implementation_statement,no_mapping,,,,high,"The passage clearly describes an individual bringing supportive voices together in the public-health interest, but it does not evidence a formal multisectoral coordination mechanism or another specific JEE capacity.",replace,commitment_to_follow_through,clear_values,I corralled the voices that I knew would support the -- what was needed in the public health interest.,medium,"The speaker describes taking action to mobilise support, showing follow-through, and identifies the public-health interest as the objective being prioritised.",policy_content,"This traceable passage records an individual action to mobilise supportive voices in pursuit of the public-health interest. It is substantive policy activity rather than a formal decision, and it does not demonstrate a specific JEE coordination capacity. The generated candidate also adds a health-and-social-care context that is not present in the original excerpt.",AL,2026-07-27,complete,,2026-07-27T06:25:56.348005+00:00,2026-07-27T06:25:56.348005+00:00,984c2bd198d8
phase1-128,2023-12-07,There should be a proper quantified analysis of the benefits of NPIs and the economic costs associated with them.,I think what we really need to have is some proper quantified analysis of the benefits of NPIs and the epidemiological benefits of NPIs.,"I think what we really need to have is some proper quantified analysis of the benefits of NPIs and the epidemiological benefits of NPIs, because I think there's still too much uncertainty about those, as well as a proper understanding of the economic -- the economic cost.",True,[],recommendation,P2:0.4168; P8:0.3753; D1:0.3671,0.4168; 0.3753; 0.3671,"P2 (Financing) [0.4168]: Financial resources are available in all relevant sectors and public financial management systems enable IHR implementation including core capacity development  || P8 (Immunization) [0.3753]: Effective protection through achievement and maintenance of immunization against measles and other epidemic prone vaccine-preventable diseases (VPDs). Measles i || D1 (National laboratory system) [0.3671]: Effective use of a nationwide laboratory system, including all relevant sectors, capable of safely and accurately detecting and characterizing pathogens causing",,,no_supported_mapping,,,,P2:retrieval_neighbour_without_inclusion_support; P8:retrieval_neighbour_without_inclusion_support; D1:retrieval_neighbour_without_inclusion_support,There should be a proper quantified analysis of the benefits of NPIs and the economic costs associated with them.,False,True,clear_values:0.3600; useful_information:0.3378; sound_reasoning:0.2924,0.3600; 0.3378; 0.2924,"clear_values (Clear values) [0.3600]: Stated preferences, priorities or trade-offs that identify what mattered in the choice. || useful_information (Useful information) [0.3378]: Relevant facts, data, modelling, advice or uncertainty characterisation used in the passage. || sound_reasoning (Sound reasoning) [0.2924]: Linking alternatives, information and values to justify why a course was preferred.",useful_information,sound_reasoning,ambiguous,0.3378,0.2924,There should be a proper quantified analysis of the benefits of NPIs and the economic costs associated with them.,uncertainty,recommendation≠commitment rule applied where relevant,Weak textual gate / moderate similarity,All top-3 retrieved JEE candidates rejected by inclusion/exclusion rules.,journal_cache_decision_evidence_source_quote__framework_card_embeddings,True,recommendation,no_mapping,,,,high,"The passage recommends analysing the epidemiological benefits and economic costs of NPIs, but it does not evidence a specific JEE preparedness or response capacity.",replace,clear_values,useful_information,"I think what we really need to have is some proper quantified analysis of the benefits of NPIs and the epidemiological benefits of NPIs, because I think there's still too much uncertainty about those, as well as a proper understanding of the economic -- the economic cost.",medium,The passage identifies the trade-off between epidemiological benefits and economic costs and calls for quantified analysis because substantial uncertainty remains.,policy_content,"This traceable passage recommends quantified analysis of both the epidemiological benefits and economic costs of NPIs. It identifies an important health-economic trade-off and an information gap caused by continuing uncertainty, but it does not map to a specific JEE technical area.",AL,2026-07-27,complete,,2026-07-27T06:28:13.299875+00:00,2026-07-27T06:28:13.299875+00:00,ce2c4f75a23c
phase1-307,2023-12-13,"From 2024, self-identified ethnicity will be included in mortality data.",The system is under change: in 2024 and from then on there will be a way of taking the self-identified ethnicity from a person's medical records and including that in mortality data.,The system is under change: in 2024 and from then on there will be a way of taking the self-identified ethnicity from a person's medical records and including that in mortality data.,True,[],other_candidate,P4:0.2664; R4:0.2516; D1:0.2490,0.2664; 0.2516; 0.2490,"P4 (Antimicrobial resistance (AMR)) [0.2664]: Decisive and comprehensive action to prevent the emergence and spread of AMR, which poses a substantial and evolving threat to disease control and health securi || R4 (Infection prevention and control) [0.2516]: Prevent HCAIs and emergence and spread of AMR. || D1 (National laboratory system) [0.2490]: Effective use of a nationwide laboratory system, including all relevant sectors, capable of safely and accurately detecting and characterizing pathogens causing",,,no_supported_mapping,,,,P4:unlikely_area_without_textual_inclusion_support; R4:no_inclusion_cue_overlap_and_moderate_or_low_similarity; D1:no_inclusion_cue_overlap_and_moderate_or_low_similarity,"From 2024, self-identified ethnicity will be included in mortality data.",False,True,clear_values:0.2038; useful_information:0.1865; commitment_to_follow_through:0.1431,0.2038; 0.1865; 0.1431,"clear_values (Clear values) [0.2038]: Stated preferences, priorities or trade-offs that identify what mattered in the choice. || useful_information (Useful information) [0.1865]: Relevant facts, data, modelling, advice or uncertainty characterisation used in the passage. || commitment_to_follow_through (Commitment to follow through) [0.1431]: Evidence of intent or mechanism to implement or act on the chosen course.",useful_information,,ambiguous,0.1865,,"From 2024, self-identified ethnicity will be included in mortality data.",data,recommendation≠commitment rule applied where relevant,Weak textual gate / moderate similarity,All top-3 retrieved JEE candidates rejected by inclusion/exclusion rules.,journal_cache_decision_evidence_source_quote__framework_card_embeddings,True,implementation_statement,replace,D2,,The system is under change: in 2024 and from then on there will be a way of taking the self-identified ethnicity from a person's medical records and including that in mortality data.,medium,"The passage describes a planned change to mortality-data collection that will add self-identified ethnicity from medical records, supporting improved public-health surveillance and epidemiological analysis. Confidence is medium because the wider surveillance-system purpose is not explained.",replace,commitment_to_follow_through,,The system is under change: in 2024 and from then on there will be a way of taking the self-identified ethnicity from a person's medical records and including that in mortality data.,high,"The passage states that the system change is underway and specifies when the new data process will begin, providing clear evidence of implementation commitment.",policy_content,This traceable passage records an ongoing system change that will include self-identified ethnicity in mortality data from 2024. It supports D2 Surveillance and demonstrates commitment to implementation through a defined future start point.,AL,2026-07-27,complete,,2026-07-27T06:34:25.973040+00:00,2026-07-27T06:34:25.973040+00:00,18124fa1d117
